,CODE,GEOG,AREA,Year,Bungalow,Flats,House_Detached,House_Terraced,House_Semi,Others
0,E01033626,LSOA,Birmingham 134D,2014,0.0,540.0,0.0,120.0,30.0,0
1,E01033640,LSOA,Birmingham 134E,2014,0.0,630.0,0.0,120.0,50.0,10
2,E02006896,MSOA,Birmingham 135,2014,0.0,3100.0,20.0,190.0,120.0,50
3,E01009378,LSOA,Birmingham 135A,2014,0.0,910.0,20.0,190.0,120.0,40
4,E01033567,LSOA,Birmingham 135B,2014,0.0,760.0,0.0,0.0,0.0,0
5,E01033615,LSOA,Birmingham 135C,2014,0.0,660.0,0.0,0.0,0.0,0
6,E01033616,LSOA,Birmingham 135D,2014,0.0,760.0,0.0,0.0,0.0,0
7,E02006897,MSOA,Birmingham 136,2014,10.0,3820.0,0.0,390.0,30.0,40
8,E01009143,LSOA,Birmingham 136A,2014,10.0,710.0,0.0,170.0,10.0,10
9,E01009146,LSOA,Birmingham 136B,2014,0.0,1420.0,0.0,0.0,0.0,30
10,E01033564,LSOA,Birmingham 136C,2014,0.0,790.0,0.0,20.0,10.0,10
11,E01033639,LSOA,Birmingham 136D,2014,0.0,900.0,0.0,210.0,0.0,0
12,E02006898,MSOA,Birmingham 137,2014,40.0,3290.0,0.0,610.0,70.0,30
13,E01009141,LSOA,Birmingham 137A,2014,0.0,810.0,0.0,200.0,30.0,20
14,E01033565,LSOA,Birmingham 137B,2014,0.0,660.0,0.0,0.0,0.0,0
15,E01033618,LSOA,Birmingham 137C,2014,0.0,810.0,0.0,0.0,0.0,10
16,E01033619,LSOA,Birmingham 137D,2014,10.0,570.0,0.0,200.0,0.0,0
17,E01033627,LSOA,Birmingham 137E,2014,30.0,440.0,0.0,230.0,20.0,0
18,E02006899,MSOA,Birmingham 138,2014,0.0,4000.0,0.0,40.0,0.0,20
19,E01033620,LSOA,Birmingham 138A,2014,0.0,730.0,0.0,0.0,0.0,0
20,E01009200,LSOA,Birmingham 139A,2014,0.0,370.0,80.0,320.0,100.0,10
21,E01009327,LSOA,Birmingham 139B,2014,0.0,20.0,0.0,700.0,0.0,0
22,E01009328,LSOA,Birmingham 139C,2014,0.0,70.0,0.0,920.0,0.0,0
23,E01009331,LSOA,Birmingham 139D,2014,0.0,10.0,0.0,940.0,0.0,0
24,E01009332,LSOA,Birmingham 139E,2014,0.0,220.0,0.0,580.0,40.0,20
25,E01009333,LSOA,Birmingham 139F,2014,0.0,30.0,0.0,760.0,0.0,0
26,E01009335,LSOA,Birmingham 139G,2014,0.0,30.0,0.0,870.0,0.0,0
27,E01009344,LSOA,Birmingham 139H,2014,0.0,160.0,0.0,590.0,30.0,10
28,E02006901,MSOA,Birmingham 140,2014,10.0,440.0,60.0,6060.0,730.0,60
29,E01009339,LSOA,Birmingham 140A,2014,0.0,100.0,0.0,480.0,210.0,10
30,E01009340,LSOA,Birmingham 140B,2014,0.0,90.0,0.0,1410.0,30.0,20
31,E01009382,LSOA,Birmingham 140C,2014,0.0,70.0,20.0,630.0,40.0,10
32,E01009391,LSOA,Birmingham 140D,2014,0.0,80.0,0.0,790.0,0.0,20
33,E01009392,LSOA,Birmingham 140E,2014,0.0,10.0,40.0,530.0,220.0,0
34,E01009393,LSOA,Birmingham 140F,2014,0.0,50.0,0.0,720.0,20.0,10
35,E01033641,LSOA,Birmingham 140G,2014,10.0,50.0,0.0,1530.0,180.0,0
36,E01009109,LSOA,Birmingham 123B,2014,10.0,450.0,0.0,300.0,140.0,0
37,E01009119,LSOA,Birmingham 123C,2014,30.0,160.0,140.0,350.0,380.0,30
38,E01009120,LSOA,Birmingham 123D,2014,0.0,230.0,60.0,330.0,370.0,0
39,E02001950,MSOA,Birmingham 124,2014,500.0,790.0,350.0,870.0,3990.0,40
40,E01009162,LSOA,Birmingham 124A,2014,30.0,180.0,40.0,140.0,880.0,10
41,E01009207,LSOA,Birmingham 124B,2014,0.0,110.0,80.0,40.0,1020.0,0
42,E01009208,LSOA,Birmingham 124C,2014,10.0,100.0,140.0,140.0,1040.0,10
43,E01009209,LSOA,Birmingham 124D,2014,110.0,250.0,50.0,290.0,690.0,10
44,E01009213,LSOA,Birmingham 124E,2014,350.0,140.0,60.0,280.0,360.0,20
45,E02001951,MSOA,Birmingham 125,2014,270.0,820.0,240.0,3230.0,910.0,180
46,E01009155,LSOA,Birmingham 125B,2014,70.0,80.0,0.0,670.0,80.0,0
47,E01009157,LSOA,Birmingham 125D,2014,70.0,90.0,0.0,700.0,100.0,10
48,E01009160,LSOA,Birmingham 125E,2014,10.0,480.0,0.0,310.0,180.0,80
49,E01009161,LSOA,Birmingham 125F,2014,40.0,40.0,100.0,490.0,190.0,90
50,E01033633,LSOA,Birmingham 125G,2014,80.0,130.0,140.0,1090.0,380.0,0
51,E02001952,MSOA,Birmingham 126,2014,220.0,1770.0,260.0,2040.0,1670.0,0
52,E01009117,LSOA,Birmingham 126A,2014,60.0,310.0,50.0,470.0,330.0,0
53,E01009210,LSOA,Birmingham 126B,2014,20.0,300.0,180.0,420.0,360.0,0
54,E01009212,LSOA,Birmingham 126C,2014,40.0,260.0,20.0,380.0,450.0,0
55,E01009214,LSOA,Birmingham 126D,2014,40.0,280.0,0.0,430.0,370.0,0
56,E01009215,LSOA,Birmingham 126E,2014,40.0,620.0,20.0,360.0,190.0,0
57,E02001953,MSOA,Birmingham 127,2014,70.0,470.0,1090.0,1590.0,2110.0,20
58,E01009108,LSOA,Birmingham 127A,2014,20.0,30.0,270.0,130.0,460.0,0
59,E01009111,LSOA,Birmingham 127B,2014,0.0,150.0,60.0,60.0,810.0,0
60,E01009112,LSOA,Birmingham 127C,2014,0.0,90.0,100.0,570.0,440.0,0
61,E01009116,LSOA,Birmingham 127D,2014,10.0,100.0,600.0,100.0,200.0,10
62,E01009118,LSOA,Birmingham 127E,2014,10.0,100.0,60.0,730.0,180.0,10
63,E02001954,MSOA,Birmingham 128,2014,240.0,910.0,200.0,2740.0,1090.0,50
64,E01009107,LSOA,Birmingham 128A,2014,20.0,470.0,20.0,410.0,250.0,10
65,E01009110,LSOA,Birmingham 128B,2014,40.0,170.0,40.0,440.0,320.0,20
66,E01009113,LSOA,Birmingham 128C,2014,60.0,150.0,0.0,700.0,110.0,10
67,E01009114,LSOA,Birmingham 128D,2014,50.0,80.0,40.0,660.0,250.0,0
68,E01009115,LSOA,Birmingham 128E,2014,50.0,70.0,100.0,570.0,170.0,10
69,E02001955,MSOA,Birmingham 129,2014,100.0,640.0,200.0,2020.0,1800.0,40
70,E01009158,LSOA,Birmingham 129A,2014,30.0,70.0,60.0,840.0,370.0,10
71,E01009163,LSOA,Birmingham 129B,2014,40.0,180.0,100.0,510.0,460.0,0
72,E01009165,LSOA,Birmingham 129C,2014,20.0,350.0,40.0,350.0,190.0,20
73,E01009169,LSOA,Birmingham 129D,2014,20.0,30.0,20.0,350.0,770.0,10
74,E02001956,MSOA,Birmingham 130,2014,80.0,700.0,760.0,1050.0,2030.0,20
75,E01009159,LSOA,Birmingham 130A,2014,0.0,250.0,590.0,240.0,340.0,0
76,E01009164,LSOA,Birmingham 130B,2014,40.0,130.0,60.0,350.0,550.0,0
77,E01009167,LSOA,Birmingham 130C,2014,0.0,160.0,0.0,270.0,620.0,0
78,E01009171,LSOA,Birmingham 130D,2014,30.0,180.0,100.0,190.0,560.0,10
79,E02001957,MSOA,Birmingham 131,2014,100.0,400.0,230.0,2190.0,2830.0,10
80,E01009166,LSOA,Birmingham 131A,2014,20.0,140.0,0.0,150.0,620.0,0
81,E01009168,LSOA,Birmingham 131B,2014,10.0,0.0,60.0,560.0,470.0,0
82,E01009170,LSOA,Birmingham 131C,2014,10.0,0.0,20.0,360.0,620.0,0
83,E01009216,LSOA,Birmingham 131D,2014,60.0,240.0,140.0,350.0,610.0,0
84,E01009217,LSOA,Birmingham 131E,2014,0.0,20.0,0.0,720.0,480.0,0
85,E02006807,MSOA,Birmingham 132,2014,90.0,230.0,800.0,550.0,4090.0,20
86,E01009039,LSOA,Birmingham 132A,2014,30.0,20.0,220.0,50.0,940.0,0
87,E01009040,LSOA,Birmingham 132B,2014,30.0,20.0,320.0,0.0,850.0,10
88,E01009041,LSOA,Birmingham 132C,2014,20.0,30.0,40.0,50.0,1080.0,0
89,E01009042,LSOA,Birmingham 132D,2014,10.0,10.0,40.0,340.0,680.0,0
90,E01032589,LSOA,Birmingham 132E,2014,0.0,170.0,200.0,110.0,540.0,10
91,E02006809,MSOA,Birmingham 133,2014,110.0,200.0,2110.0,230.0,3390.0,40
92,E01009262,LSOA,Birmingham 133A,2014,30.0,40.0,270.0,90.0,490.0,40
93,E01009267,LSOA,Birmingham 133B,2014,30.0,110.0,300.0,20.0,560.0,0
94,E01009276,LSOA,Birmingham 133C,2014,0.0,0.0,340.0,40.0,720.0,0
95,E01009278,LSOA,Birmingham 133D,2014,0.0,20.0,340.0,80.0,640.0,0
96,E01009279,LSOA,Birmingham 133E,2014,0.0,10.0,360.0,20.0,540.0,0
97,E01032591,LSOA,Birmingham 133F,2014,10.0,0.0,500.0,0.0,460.0,0
98,E02006895,MSOA,Birmingham 134,2014,30.0,3880.0,50.0,690.0,370.0,70
99,E01008995,LSOA,Birmingham 134A,2014,10.0,1040.0,40.0,300.0,140.0,30
100,E01033557,LSOA,Birmingham 134B,2014,0.0,1100.0,0.0,0.0,0.0,10
101,E01033624,LSOA,Birmingham 134C,2014,20.0,580.0,0.0,150.0,180.0,20
102,E01033622,LSOA,Birmingham 138B,2014,0.0,910.0,0.0,0.0,0.0,10
103,E01033623,LSOA,Birmingham 138C,2014,0.0,1130.0,0.0,40.0,0.0,10
104,E01033625,LSOA,Birmingham 138D,2014,0.0,1240.0,0.0,0.0,0.0,10
105,E02006900,MSOA,Birmingham 139,2014,0.0,900.0,120.0,5680.0,190.0,40
106,E02001889,MSOA,Birmingham 063,2011,0.0,190.0,40.0,1600.0,960.0,10
107,E01009325,LSOA,Birmingham 063A,2011,0.0,30.0,0.0,330.0,290.0,0
108,E01009330,LSOA,Birmingham 063B,2011,0.0,30.0,0.0,420.0,40.0,0
109,E01009336,LSOA,Birmingham 063C,2011,0.0,10.0,0.0,310.0,160.0,0
110,E01009342,LSOA,Birmingham 063D,2011,0.0,10.0,40.0,140.0,460.0,10
111,E01009343,LSOA,Birmingham 063E,2011,0.0,90.0,0.0,400.0,40.0,10
112,E02001890,MSOA,Birmingham 064,2011,20.0,2550.0,1430.0,680.0,490.0,170
113,E01008986,LSOA,Birmingham 064A,2011,0.0,550.0,110.0,30.0,180.0,70
114,E01008987,LSOA,Birmingham 064B,2011,0.0,180.0,20.0,410.0,40.0,10
115,E01008988,LSOA,Birmingham 064C,2011,0.0,690.0,110.0,130.0,160.0,60
116,E01008989,LSOA,Birmingham 064D,2011,0.0,730.0,100.0,10.0,70.0,30
117,E01008990,LSOA,Birmingham 064E,2011,10.0,280.0,330.0,20.0,20.0,10
118,E01008991,LSOA,Birmingham 064F,2011,10.0,120.0,780.0,90.0,0.0,10
119,E02001891,MSOA,Birmingham 065,2011,0.0,100.0,0.0,1950.0,20.0,0
120,E01009341,LSOA,Birmingham 066E,2011,0.0,370.0,20.0,80.0,180.0,10
121,E01009513,LSOA,Birmingham 066F,2011,0.0,140.0,0.0,410.0,240.0,0
122,E02001893,MSOA,Birmingham 067,2011,60.0,660.0,330.0,860.0,2880.0,30
123,E01008881,LSOA,Birmingham 067A,2011,0.0,150.0,20.0,240.0,420.0,10
124,E01008897,LSOA,Birmingham 067B,2011,0.0,40.0,0.0,330.0,420.0,0
125,E01009515,LSOA,Birmingham 067C,2011,50.0,170.0,130.0,100.0,560.0,20
126,E01009518,LSOA,Birmingham 067D,2011,10.0,240.0,140.0,60.0,660.0,0
127,E01009521,LSOA,Birmingham 067E,2011,0.0,60.0,60.0,130.0,810.0,0
128,E02001894,MSOA,Birmingham 068,2011,20.0,6040.0,70.0,410.0,450.0,90
129,E01008995,LSOA,Birmingham 068A,2011,0.0,690.0,40.0,100.0,120.0,30
130,E01009142,LSOA,Birmingham 068B,2011,0.0,3060.0,0.0,0.0,0.0,10
131,E01009149,LSOA,Birmingham 068C,2011,20.0,1420.0,0.0,190.0,210.0,10
132,E01009378,LSOA,Birmingham 068D,2011,0.0,870.0,20.0,110.0,120.0,40
133,E02001895,MSOA,Birmingham 069,2011,210.0,550.0,110.0,1080.0,2540.0,10
134,E01009302,LSOA,Birmingham 069A,2011,30.0,120.0,60.0,110.0,720.0,0
135,E01009314,LSOA,Birmingham 069B,2011,0.0,100.0,20.0,70.0,830.0,10
136,E01009321,LSOA,Birmingham 069C,2011,80.0,140.0,0.0,370.0,260.0,0
137,E01009322,LSOA,Birmingham 069D,2011,40.0,150.0,0.0,340.0,150.0,0
138,E01009323,LSOA,Birmingham 069E,2011,70.0,40.0,0.0,200.0,530.0,0
139,E02001896,MSOA,Birmingham 070,2011,10.0,420.0,20.0,2010.0,150.0,0
140,E01009329,LSOA,Birmingham 070A,2011,0.0,180.0,0.0,490.0,10.0,0
141,E01009334,LSOA,Birmingham 070B,2011,0.0,70.0,0.0,340.0,20.0,0
142,E01009337,LSOA,Birmingham 070C,2011,0.0,60.0,0.0,430.0,20.0,0
143,E01009338,LSOA,Birmingham 070D,2011,10.0,40.0,0.0,360.0,40.0,0
144,E01009380,LSOA,Birmingham 070E,2011,0.0,80.0,0.0,390.0,40.0,0
145,E02001897,MSOA,Birmingham 071,2011,60.0,1500.0,20.0,1050.0,260.0,80
146,E01009362,LSOA,Birmingham 071A,2011,20.0,350.0,0.0,100.0,40.0,0
147,E01009363,LSOA,Birmingham 071B,2011,20.0,190.0,0.0,350.0,20.0,0
148,E01009364,LSOA,Birmingham 071C,2011,0.0,370.0,0.0,90.0,20.0,10
149,E01009365,LSOA,Birmingham 071D,2011,0.0,230.0,0.0,260.0,90.0,30
150,E01009379,LSOA,Birmingham 071E,2011,20.0,340.0,0.0,260.0,80.0,40
151,E02001898,MSOA,Birmingham 072,2011,210.0,250.0,510.0,70.0,3570.0,10
152,E01009312,LSOA,Birmingham 072A,2011,10.0,60.0,340.0,0.0,720.0,0
153,E01009324,LSOA,Birmingham 072B,2011,190.0,40.0,40.0,50.0,860.0,0
154,E01009519,LSOA,Birmingham 072C,2011,0.0,10.0,40.0,10.0,980.0,0
155,E01009520,LSOA,Birmingham 072D,2011,10.0,130.0,80.0,0.0,1000.0,10
156,E02001899,MSOA,Birmingham 073,2011,100.0,480.0,1700.0,670.0,2240.0,30
157,E01009066,LSOA,Birmingham 073A,2011,20.0,170.0,650.0,0.0,170.0,0
158,E01009070,LSOA,Birmingham 073B,2011,10.0,140.0,140.0,90.0,760.0,10
159,E01009252,LSOA,Birmingham 073C,2011,10.0,40.0,240.0,360.0,220.0,0
160,E01009260,LSOA,Birmingham 073D,2011,40.0,120.0,570.0,90.0,220.0,30
161,E01009261,LSOA,Birmingham 073E,2011,20.0,20.0,120.0,140.0,860.0,0
162,E02001900,MSOA,Birmingham 074,2011,70.0,1620.0,650.0,520.0,740.0,20
163,E01009348,LSOA,Birmingham 047A,2011,0.0,150.0,0.0,640.0,80.0,20
164,E01009358,LSOA,Birmingham 047B,2011,0.0,290.0,20.0,360.0,170.0,0
165,E01009359,LSOA,Birmingham 047C,2011,0.0,60.0,0.0,590.0,130.0,20
166,E01009360,LSOA,Birmingham 047D,2011,10.0,190.0,0.0,620.0,150.0,10
167,E01009361,LSOA,Birmingham 047E,2011,10.0,90.0,0.0,720.0,20.0,0
168,E02001874,MSOA,Birmingham 048,2011,20.0,690.0,40.0,1370.0,1170.0,80
169,E01009478,LSOA,Birmingham 048A,2011,0.0,230.0,0.0,210.0,340.0,50
170,E01009479,LSOA,Birmingham 048B,2011,10.0,70.0,0.0,390.0,290.0,10
171,E01009482,LSOA,Birmingham 048C,2011,0.0,160.0,0.0,300.0,90.0,0
172,E01009484,LSOA,Birmingham 048D,2011,10.0,210.0,0.0,240.0,70.0,0
173,E01009485,LSOA,Birmingham 048E,2011,0.0,20.0,20.0,240.0,390.0,20
174,E02001875,MSOA,Birmingham 049,2011,30.0,1920.0,20.0,1110.0,190.0,110
175,E01008906,LSOA,Birmingham 049A,2011,10.0,40.0,0.0,420.0,10.0,10
176,E01008911,LSOA,Birmingham 049B,2011,10.0,370.0,0.0,150.0,90.0,10
177,E01008912,LSOA,Birmingham 049C,2011,10.0,1160.0,0.0,140.0,90.0,80
178,E01009347,LSOA,Birmingham 049D,2011,10.0,340.0,0.0,400.0,20.0,0
179,E02001876,MSOA,Birmingham 050,2011,50.0,2970.0,0.0,640.0,110.0,30
180,E01008910,LSOA,Birmingham 050A,2011,10.0,330.0,0.0,310.0,10.0,0
181,E01008913,LSOA,Birmingham 050B,2011,20.0,430.0,0.0,240.0,50.0,0
182,E01008914,LSOA,Birmingham 050C,2011,0.0,930.0,0.0,40.0,50.0,10
183,E01009191,LSOA,Birmingham 050D,2011,10.0,1290.0,0.0,60.0,0.0,20
184,E02001877,MSOA,Birmingham 051,2011,0.0,440.0,60.0,2060.0,820.0,70
185,E01009483,LSOA,Birmingham 051B,2011,0.0,70.0,0.0,420.0,40.0,10
186,E01009488,LSOA,Birmingham 051C,2011,0.0,130.0,20.0,390.0,440.0,0
187,E01009489,LSOA,Birmingham 051D,2011,0.0,50.0,0.0,400.0,120.0,10
188,E01009491,LSOA,Birmingham 051E,2011,0.0,70.0,0.0,400.0,50.0,10
189,E02001878,MSOA,Birmingham 052,2011,20.0,890.0,60.0,1380.0,620.0,80
190,E01009190,LSOA,Birmingham 052A,2011,0.0,40.0,0.0,340.0,0.0,20
191,E01009192,LSOA,Birmingham 052B,2011,0.0,20.0,0.0,520.0,140.0,10
192,E01009193,LSOA,Birmingham 052C,2011,0.0,40.0,0.0,310.0,110.0,20
193,E01009199,LSOA,Birmingham 052D,2011,10.0,310.0,40.0,70.0,250.0,10
194,E01009204,LSOA,Birmingham 052E,2011,10.0,490.0,0.0,120.0,120.0,30
195,E02001879,MSOA,Birmingham 053,2011,20.0,640.0,90.0,2030.0,500.0,80
196,E01009151,LSOA,Birmingham 053A,2011,0.0,20.0,0.0,590.0,0.0,0
197,E01009152,LSOA,Birmingham 053B,2011,0.0,190.0,20.0,290.0,80.0,50
198,E01009153,LSOA,Birmingham 053C,2011,10.0,270.0,0.0,460.0,180.0,20
199,E01009345,LSOA,Birmingham 053D,2011,10.0,80.0,0.0,400.0,50.0,0
200,E01009346,LSOA,Birmingham 053E,2011,0.0,70.0,70.0,300.0,190.0,0
201,E02001880,MSOA,Birmingham 054,2011,70.0,280.0,20.0,1960.0,2080.0,10
202,E01009092,LSOA,Birmingham 054A,2011,30.0,40.0,0.0,330.0,350.0,0
203,E01009093,LSOA,Birmingham 054B,2011,0.0,60.0,0.0,490.0,190.0,0
204,E01009094,LSOA,Birmingham 054C,2011,10.0,70.0,0.0,320.0,250.0,0
205,E01009298,LSOA,Birmingham 054D,2011,0.0,50.0,0.0,400.0,260.0,0
206,E01009311,LSOA,Birmingham 054E,2011,0.0,20.0,0.0,340.0,410.0,0
207,E01009511,LSOA,Birmingham 054F,2011,30.0,50.0,0.0,90.0,610.0,0
208,E02001881,MSOA,Birmingham 055,2011,20.0,440.0,20.0,2020.0,990.0,10
209,E01009475,LSOA,Birmingham 055A,2011,0.0,40.0,0.0,470.0,180.0,0
210,E01009476,LSOA,Birmingham 055B,2011,10.0,110.0,0.0,380.0,120.0,0
211,E01009477,LSOA,Birmingham 055C,2011,0.0,20.0,0.0,480.0,140.0,0
212,E01009490,LSOA,Birmingham 055D,2011,20.0,190.0,0.0,270.0,390.0,0
213,E01009492,LSOA,Birmingham 055E,2011,0.0,60.0,0.0,410.0,160.0,0
214,E02001882,MSOA,Birmingham 056,2011,60.0,930.0,260.0,850.0,2280.0,40
215,E01009095,LSOA,Birmingham 056A,2011,0.0,60.0,20.0,250.0,650.0,0
216,E01009507,LSOA,Birmingham 056B,2011,0.0,250.0,40.0,130.0,310.0,40
217,E01009508,LSOA,Birmingham 056C,2011,10.0,140.0,80.0,140.0,540.0,0
218,E01009509,LSOA,Birmingham 056D,2011,10.0,200.0,40.0,110.0,560.0,0
219,E01009510,LSOA,Birmingham 056E,2011,30.0,290.0,80.0,230.0,220.0,0
220,E02001883,MSOA,Birmingham 057,2011,170.0,970.0,60.0,1820.0,1170.0,0
221,E01009297,LSOA,Birmingham 057A,2011,100.0,170.0,20.0,310.0,300.0,0
222,E01009299,LSOA,Birmingham 057B,2011,30.0,60.0,0.0,370.0,300.0,0
223,E01009300,LSOA,Birmingham 057C,2011,0.0,170.0,0.0,380.0,320.0,0
224,E01009301,LSOA,Birmingham 057D,2011,0.0,390.0,0.0,330.0,100.0,0
225,E01009303,LSOA,Birmingham 057E,2011,30.0,160.0,20.0,430.0,130.0,0
226,E02001884,MSOA,Birmingham 058,2011,10.0,90.0,80.0,2020.0,670.0,10
227,E01009195,LSOA,Birmingham 058A,2011,10.0,30.0,0.0,550.0,140.0,0
228,E01009196,LSOA,Birmingham 058B,2011,0.0,30.0,0.0,850.0,90.0,0
229,E01009197,LSOA,Birmingham 058C,2011,0.0,20.0,60.0,230.0,360.0,0
230,E01009198,LSOA,Birmingham 058D,2011,0.0,20.0,0.0,400.0,80.0,0
231,E02001885,MSOA,Birmingham 059,2011,40.0,9710.0,0.0,600.0,50.0,90
232,E01009141,LSOA,Birmingham 059A,2011,0.0,680.0,0.0,100.0,20.0,20
233,E01009143,LSOA,Birmingham 059B,2011,10.0,560.0,0.0,80.0,10.0,10
234,E01009144,LSOA,Birmingham 059C,2011,40.0,1550.0,0.0,240.0,20.0,0
235,E01009146,LSOA,Birmingham 059D,2011,0.0,1080.0,0.0,0.0,0.0,30
236,E01009148,LSOA,Birmingham 059E,2011,0.0,2240.0,0.0,120.0,0.0,20
237,E01009150,LSOA,Birmingham 059F,2011,0.0,3580.0,0.0,40.0,0.0,20
238,E02001886,MSOA,Birmingham 060,2011,30.0,750.0,920.0,950.0,1690.0,90
239,E01009138,LSOA,Birmingham 060A,2011,0.0,30.0,60.0,380.0,240.0,0
240,E01009139,LSOA,Birmingham 060B,2011,0.0,60.0,40.0,380.0,200.0,0
241,E01009140,LSOA,Birmingham 060C,2011,10.0,190.0,330.0,40.0,540.0,40
242,E01009145,LSOA,Birmingham 060D,2011,0.0,180.0,280.0,140.0,400.0,20
243,E01009147,LSOA,Birmingham 060E,2011,0.0,290.0,230.0,10.0,330.0,30
244,E02001887,MSOA,Birmingham 061,2011,0.0,640.0,80.0,1290.0,190.0,40
245,E01009200,LSOA,Birmingham 061A,2011,0.0,320.0,80.0,190.0,100.0,10
246,E01009332,LSOA,Birmingham 061B,2011,0.0,170.0,0.0,340.0,40.0,20
247,E01009333,LSOA,Birmingham 061C,2011,0.0,20.0,0.0,420.0,0.0,0
248,E01009344,LSOA,Birmingham 061D,2011,0.0,130.0,0.0,330.0,30.0,10
249,E02001888,MSOA,Birmingham 062,2011,70.0,360.0,100.0,1110.0,1590.0,30
250,E01009512,LSOA,Birmingham 062A,2011,20.0,10.0,0.0,410.0,330.0,10
251,E01009514,LSOA,Birmingham 062B,2011,10.0,220.0,0.0,210.0,320.0,0
252,E01009516,LSOA,Birmingham 062C,2011,20.0,60.0,80.0,210.0,370.0,10
253,E01009517,LSOA,Birmingham 062D,2011,30.0,60.0,0.0,300.0,550.0,10
254,E01009327,LSOA,Birmingham 065A,2011,0.0,20.0,0.0,420.0,0.0,0
255,E01009328,LSOA,Birmingham 065B,2011,0.0,40.0,0.0,510.0,0.0,0
256,E01009331,LSOA,Birmingham 065C,2011,0.0,10.0,0.0,560.0,0.0,0
257,E01009335,LSOA,Birmingham 065D,2011,0.0,20.0,0.0,480.0,0.0,0
258,E02001892,MSOA,Birmingham 066,2011,10.0,830.0,20.0,2180.0,1050.0,10
259,E01008882,LSOA,Birmingham 066A,2011,10.0,150.0,0.0,370.0,200.0,0
260,E01008896,LSOA,Birmingham 066B,2011,0.0,50.0,0.0,470.0,120.0,0
261,E01008898,LSOA,Birmingham 066C,2011,10.0,90.0,0.0,470.0,20.0,0
262,E01009326,LSOA,Birmingham 066D,2011,0.0,40.0,0.0,380.0,260.0,0
263,E01009104,LSOA,Birmingham 028E,2011,0.0,110.0,0.0,430.0,260.0,0
264,E02001855,MSOA,Birmingham 029,2011,120.0,1240.0,110.0,2140.0,1240.0,20
265,E01009096,LSOA,Birmingham 029A,2011,20.0,280.0,0.0,440.0,70.0,10
266,E01009097,LSOA,Birmingham 029B,2011,50.0,170.0,20.0,390.0,260.0,0
267,E01009099,LSOA,Birmingham 029C,2011,10.0,340.0,20.0,430.0,40.0,0
268,E01009101,LSOA,Birmingham 029D,2011,30.0,100.0,40.0,320.0,260.0,10
269,E01009103,LSOA,Birmingham 029E,2011,10.0,200.0,0.0,310.0,220.0,0
270,E01009049,LSOA,Birmingham 032A,2011,20.0,120.0,120.0,130.0,520.0,10
271,E01009056,LSOA,Birmingham 032B,2011,0.0,340.0,140.0,160.0,330.0,20
272,E01009263,LSOA,Birmingham 032C,2011,0.0,250.0,180.0,180.0,220.0,10
273,E01009264,LSOA,Birmingham 032D,2011,0.0,510.0,20.0,60.0,60.0,20
274,E01009265,LSOA,Birmingham 032E,2011,10.0,120.0,180.0,210.0,380.0,10
275,E02001859,MSOA,Birmingham 033,2011,30.0,450.0,100.0,2000.0,930.0,50
276,E01009051,LSOA,Birmingham 033A,2011,0.0,50.0,20.0,360.0,130.0,40
277,E01009053,LSOA,Birmingham 033B,2011,0.0,50.0,0.0,440.0,0.0,0
278,E01009054,LSOA,Birmingham 033C,2011,0.0,0.0,40.0,230.0,420.0,0
279,E01009058,LSOA,Birmingham 033D,2011,0.0,30.0,0.0,450.0,100.0,0
280,E01009061,LSOA,Birmingham 033E,2011,0.0,60.0,0.0,390.0,20.0,10
281,E01009239,LSOA,Birmingham 033F,2011,20.0,250.0,40.0,150.0,260.0,0
282,E02001860,MSOA,Birmingham 034,2011,20.0,240.0,140.0,2040.0,1000.0,70
283,E01009266,LSOA,Birmingham 034A,2011,0.0,50.0,60.0,510.0,60.0,10
284,E01009269,LSOA,Birmingham 034B,2011,0.0,20.0,0.0,460.0,180.0,0
285,E01009270,LSOA,Birmingham 034C,2011,10.0,100.0,40.0,410.0,110.0,60
286,E01009271,LSOA,Birmingham 034D,2011,0.0,10.0,20.0,410.0,220.0,0
287,E01009273,LSOA,Birmingham 034E,2011,0.0,60.0,20.0,260.0,390.0,0
288,E02001861,MSOA,Birmingham 035,2011,0.0,950.0,120.0,1720.0,830.0,160
289,E01009050,LSOA,Birmingham 035A,2011,0.0,200.0,0.0,370.0,120.0,40
290,E01009052,LSOA,Birmingham 035B,2011,0.0,170.0,40.0,240.0,270.0,10
291,E01009055,LSOA,Birmingham 035C,2011,0.0,110.0,20.0,220.0,40.0,20
292,E01009057,LSOA,Birmingham 035D,2011,0.0,160.0,40.0,320.0,210.0,40
293,E01009059,LSOA,Birmingham 035E,2011,0.0,170.0,20.0,300.0,120.0,50
294,E01009060,LSOA,Birmingham 035F,2011,0.0,140.0,20.0,280.0,80.0,0
295,E02001862,MSOA,Birmingham 036,2011,10.0,410.0,80.0,2080.0,1700.0,30
296,E01009268,LSOA,Birmingham 036A,2011,0.0,0.0,40.0,60.0,720.0,0
297,E01009272,LSOA,Birmingham 036B,2011,0.0,50.0,0.0,200.0,480.0,0
298,E01009274,LSOA,Birmingham 036C,2011,0.0,210.0,40.0,400.0,250.0,20
299,E01009349,LSOA,Birmingham 036D,2011,0.0,30.0,0.0,530.0,110.0,10
300,E01009351,LSOA,Birmingham 036E,2011,0.0,20.0,0.0,520.0,60.0,0
301,E01009354,LSOA,Birmingham 036F,2011,10.0,90.0,0.0,360.0,90.0,0
302,E02001863,MSOA,Birmingham 037,2011,10.0,760.0,20.0,1720.0,200.0,50
303,E01008899,LSOA,Birmingham 037A,2011,10.0,380.0,0.0,240.0,0.0,10
304,E01008900,LSOA,Birmingham 037B,2011,0.0,70.0,0.0,390.0,0.0,20
305,E01008901,LSOA,Birmingham 037C,2011,0.0,230.0,0.0,360.0,50.0,10
306,E01008902,LSOA,Birmingham 037D,2011,0.0,20.0,0.0,360.0,10.0,0
307,E01008916,LSOA,Birmingham 037E,2011,0.0,50.0,0.0,370.0,150.0,10
308,E02001864,MSOA,Birmingham 038,2011,50.0,1080.0,40.0,720.0,850.0,0
309,E01009079,LSOA,Birmingham 038A,2011,10.0,350.0,0.0,320.0,120.0,0
310,E01009080,LSOA,Birmingham 038B,2011,20.0,200.0,0.0,170.0,70.0,0
311,E01009081,LSOA,Birmingham 038C,2011,10.0,280.0,0.0,180.0,200.0,0
312,E01009083,LSOA,Birmingham 038D,2011,10.0,250.0,40.0,60.0,460.0,0
313,E02001865,MSOA,Birmingham 039,2011,0.0,480.0,60.0,2630.0,500.0,30
314,E01009275,LSOA,Birmingham 039A,2011,0.0,90.0,0.0,400.0,40.0,10
315,E01009350,LSOA,Birmingham 039B,2011,0.0,30.0,0.0,430.0,30.0,0
316,E01009352,LSOA,Birmingham 039C,2011,0.0,100.0,0.0,360.0,20.0,10
317,E01009353,LSOA,Birmingham 039D,2011,0.0,50.0,0.0,440.0,0.0,0
318,E01009355,LSOA,Birmingham 039E,2011,0.0,150.0,20.0,280.0,60.0,10
319,E01009356,LSOA,Birmingham 039F,2011,0.0,30.0,0.0,480.0,130.0,10
320,E01009357,LSOA,Birmingham 039G,2011,0.0,20.0,0.0,250.0,230.0,0
321,E02001866,MSOA,Birmingham 040,2011,20.0,800.0,340.0,1560.0,270.0,150
322,E01008905,LSOA,Birmingham 040A,2011,0.0,30.0,0.0,420.0,0.0,10
323,E01008907,LSOA,Birmingham 040B,2011,0.0,160.0,0.0,370.0,20.0,80
324,E01009047,LSOA,Birmingham 040C,2011,20.0,190.0,60.0,280.0,80.0,10
325,E01009048,LSOA,Birmingham 040D,2011,0.0,300.0,260.0,110.0,120.0,30
326,E01009062,LSOA,Birmingham 040E,2011,0.0,90.0,0.0,390.0,20.0,20
327,E02001867,MSOA,Birmingham 041,2011,40.0,530.0,40.0,1550.0,160.0,80
328,E01008903,LSOA,Birmingham 041A,2011,0.0,130.0,0.0,260.0,0.0,10
329,E01008904,LSOA,Birmingham 041B,2011,10.0,170.0,0.0,300.0,20.0,20
330,E01008908,LSOA,Birmingham 041C,2011,20.0,110.0,0.0,370.0,20.0,0
331,E01008909,LSOA,Birmingham 041D,2011,0.0,40.0,20.0,360.0,110.0,0
332,E01009063,LSOA,Birmingham 041E,2011,10.0,80.0,0.0,270.0,20.0,50
333,E02001868,MSOA,Birmingham 042,2011,90.0,130.0,260.0,70.0,4560.0,10
334,E01009084,LSOA,Birmingham 042A,2011,20.0,50.0,60.0,10.0,880.0,0
335,E01009085,LSOA,Birmingham 042B,2011,10.0,0.0,60.0,0.0,960.0,0
336,E01009087,LSOA,Birmingham 042C,2011,50.0,40.0,20.0,20.0,960.0,0
337,E01009089,LSOA,Birmingham 042D,2011,0.0,0.0,20.0,40.0,940.0,0
338,E01009090,LSOA,Birmingham 042E,2011,10.0,50.0,140.0,0.0,840.0,10
339,E02001869,MSOA,Birmingham 043,2011,50.0,1270.0,20.0,920.0,130.0,130
340,E01009201,LSOA,Birmingham 043A,2011,20.0,250.0,0.0,420.0,20.0,20
341,E01009202,LSOA,Birmingham 043B,2011,10.0,170.0,0.0,370.0,20.0,30
342,E01009203,LSOA,Birmingham 043C,2011,20.0,860.0,0.0,120.0,90.0,80
343,E02001870,MSOA,Birmingham 044,2011,20.0,290.0,320.0,2150.0,1970.0,20
344,E01009082,LSOA,Birmingham 044A,2011,0.0,20.0,20.0,400.0,160.0,0
345,E01009086,LSOA,Birmingham 044B,2011,20.0,70.0,220.0,50.0,740.0,0
346,E01009480,LSOA,Birmingham 044C,2011,0.0,40.0,0.0,450.0,190.0,0
347,E01009481,LSOA,Birmingham 044D,2011,0.0,50.0,20.0,380.0,540.0,0
348,E01009486,LSOA,Birmingham 044E,2011,0.0,70.0,20.0,490.0,70.0,10
349,E01009487,LSOA,Birmingham 044F,2011,0.0,60.0,60.0,380.0,250.0,10
350,E02001871,MSOA,Birmingham 045,2011,400.0,910.0,310.0,1470.0,1190.0,0
351,E01009088,LSOA,Birmingham 045A,2011,210.0,90.0,100.0,150.0,440.0,0
352,E01009091,LSOA,Birmingham 045B,2011,40.0,110.0,200.0,240.0,370.0,0
353,E01009305,LSOA,Birmingham 045C,2011,30.0,290.0,0.0,340.0,150.0,0
354,E01009307,LSOA,Birmingham 045D,2011,60.0,160.0,0.0,410.0,180.0,0
355,E01009309,LSOA,Birmingham 045E,2011,60.0,260.0,0.0,310.0,80.0,0
356,E02001872,MSOA,Birmingham 046,2011,350.0,480.0,140.0,1800.0,680.0,0
357,E01009304,LSOA,Birmingham 046A,2011,110.0,130.0,20.0,480.0,180.0,0
358,E01009306,LSOA,Birmingham 046B,2011,80.0,90.0,80.0,340.0,230.0,0
359,E01009308,LSOA,Birmingham 046C,2011,90.0,160.0,40.0,490.0,110.0,0
360,E01009310,LSOA,Birmingham 046D,2011,70.0,140.0,0.0,500.0,170.0,0
361,E02001873,MSOA,Birmingham 047,2011,30.0,790.0,40.0,2950.0,530.0,60
362,E01009194,LSOA,Birmingham 051A,2011,0.0,120.0,0.0,470.0,160.0,40
363,E01009440,LSOA,Birmingham 012D,2011,30.0,50.0,520.0,80.0,410.0,10
364,E01009450,LSOA,Birmingham 012E,2011,20.0,90.0,210.0,70.0,700.0,10
365,E02001839,MSOA,Birmingham 013,2011,40.0,390.0,140.0,960.0,2190.0,80
366,E01009223,LSOA,Birmingham 013A,2011,0.0,120.0,20.0,240.0,500.0,0
367,E01009225,LSOA,Birmingham 013B,2011,10.0,220.0,40.0,40.0,710.0,70
368,E01009227,LSOA,Birmingham 013C,2011,10.0,40.0,80.0,280.0,530.0,0
369,E01009228,LSOA,Birmingham 013D,2011,0.0,10.0,0.0,390.0,440.0,10
370,E02001840,MSOA,Birmingham 014,2011,160.0,720.0,280.0,1770.0,1530.0,80
371,E01009121,LSOA,Birmingham 014A,2011,60.0,100.0,200.0,370.0,590.0,20
372,E01009122,LSOA,Birmingham 014B,2011,10.0,140.0,0.0,420.0,120.0,50
373,E01009129,LSOA,Birmingham 014C,2011,0.0,80.0,0.0,340.0,350.0,0
374,E01009132,LSOA,Birmingham 014D,2011,10.0,90.0,0.0,360.0,300.0,10
375,E01009136,LSOA,Birmingham 014E,2011,80.0,330.0,80.0,290.0,150.0,0
376,E02001841,MSOA,Birmingham 015,2011,230.0,310.0,2930.0,40.0,890.0,10
377,E01009457,LSOA,Birmingham 015A,2011,140.0,30.0,920.0,10.0,60.0,0
378,E01009247,LSOA,Birmingham 016E,2011,0.0,0.0,20.0,0.0,1110.0,0
379,E02001843,MSOA,Birmingham 017,2011,30.0,190.0,110.0,350.0,3650.0,10
380,E01009226,LSOA,Birmingham 017A,2011,0.0,50.0,30.0,50.0,790.0,0
381,E01009229,LSOA,Birmingham 017B,2011,0.0,0.0,20.0,170.0,800.0,0
382,E01009230,LSOA,Birmingham 017C,2011,10.0,60.0,0.0,70.0,880.0,0
383,E01009231,LSOA,Birmingham 017D,2011,10.0,90.0,40.0,80.0,1170.0,10
384,E02001844,MSOA,Birmingham 018,2011,230.0,1440.0,1060.0,820.0,2820.0,30
385,E01009001,LSOA,Birmingham 018A,2011,20.0,90.0,60.0,210.0,630.0,0
386,E01009003,LSOA,Birmingham 018B,2011,30.0,200.0,280.0,40.0,500.0,10
387,E01009456,LSOA,Birmingham 018C,2011,30.0,110.0,410.0,120.0,430.0,0
388,E01009458,LSOA,Birmingham 018D,2011,80.0,380.0,120.0,70.0,410.0,0
389,E01009460,LSOA,Birmingham 018E,2011,50.0,450.0,140.0,120.0,380.0,10
390,E01009462,LSOA,Birmingham 018F,2011,40.0,230.0,60.0,270.0,470.0,10
391,E02001845,MSOA,Birmingham 019,2011,10.0,210.0,40.0,1500.0,1730.0,0
392,E01009234,LSOA,Birmingham 019A,2011,0.0,30.0,0.0,510.0,200.0,0
393,E01009236,LSOA,Birmingham 019B,2011,0.0,40.0,20.0,180.0,780.0,0
394,E01009244,LSOA,Birmingham 019C,2011,0.0,150.0,0.0,350.0,280.0,0
395,E01009248,LSOA,Birmingham 019D,2011,0.0,0.0,0.0,480.0,460.0,0
396,E02001846,MSOA,Birmingham 020,2011,110.0,580.0,100.0,1360.0,2410.0,20
397,E01009403,LSOA,Birmingham 020A,2011,20.0,40.0,0.0,250.0,590.0,0
398,E01009404,LSOA,Birmingham 020B,2011,0.0,70.0,0.0,330.0,440.0,0
399,E01009405,LSOA,Birmingham 020C,2011,10.0,100.0,20.0,260.0,500.0,0
400,E01009406,LSOA,Birmingham 020D,2011,40.0,220.0,20.0,310.0,350.0,10
401,E01009407,LSOA,Birmingham 020E,2011,20.0,150.0,40.0,220.0,510.0,0
402,E02001847,MSOA,Birmingham 021,2011,260.0,420.0,1090.0,270.0,1890.0,0
403,E01009439,LSOA,Birmingham 021A,2011,50.0,150.0,540.0,50.0,220.0,0
404,E01009441,LSOA,Birmingham 021B,2011,10.0,130.0,100.0,200.0,480.0,0
405,E01009442,LSOA,Birmingham 021C,2011,200.0,0.0,120.0,10.0,710.0,0
406,E01009443,LSOA,Birmingham 021D,2011,0.0,130.0,320.0,20.0,450.0,0
407,E02001848,MSOA,Birmingham 022,2011,110.0,560.0,40.0,1150.0,1490.0,10
408,E01009123,LSOA,Birmingham 022A,2011,10.0,170.0,0.0,320.0,210.0,10
409,E01009124,LSOA,Birmingham 022B,2011,10.0,300.0,0.0,260.0,130.0,0
410,E01009125,LSOA,Birmingham 022C,2011,30.0,40.0,0.0,500.0,260.0,0
411,E01009232,LSOA,Birmingham 022D,2011,60.0,50.0,20.0,70.0,880.0,0
412,E02001849,MSOA,Birmingham 023,2011,50.0,1530.0,130.0,1250.0,820.0,30
413,E01009002,LSOA,Birmingham 023A,2011,30.0,370.0,0.0,160.0,250.0,0
414,E01009004,LSOA,Birmingham 023B,2011,10.0,360.0,0.0,60.0,0.0,0
415,E01009006,LSOA,Birmingham 023C,2011,0.0,290.0,0.0,360.0,260.0,10
416,E01009007,LSOA,Birmingham 023D,2011,0.0,320.0,0.0,420.0,90.0,10
417,E01009010,LSOA,Birmingham 023E,2011,0.0,200.0,100.0,260.0,250.0,10
418,E02001850,MSOA,Birmingham 024,2011,80.0,230.0,190.0,400.0,4700.0,0
419,E01009237,LSOA,Birmingham 024A,2011,0.0,110.0,0.0,170.0,670.0,0
420,E01009238,LSOA,Birmingham 024B,2011,60.0,90.0,70.0,0.0,920.0,0
421,E01009240,LSOA,Birmingham 024C,2011,0.0,0.0,40.0,180.0,800.0,0
422,E01009241,LSOA,Birmingham 024D,2011,0.0,0.0,40.0,30.0,1130.0,0
423,E01009242,LSOA,Birmingham 024E,2011,20.0,20.0,20.0,20.0,1160.0,0
424,E02001851,MSOA,Birmingham 025,2011,190.0,730.0,900.0,530.0,3200.0,50
425,E01009005,LSOA,Birmingham 025A,2011,20.0,300.0,40.0,110.0,380.0,10
426,E01009009,LSOA,Birmingham 025B,2011,10.0,130.0,220.0,90.0,540.0,0
427,E01009098,LSOA,Birmingham 025C,2011,80.0,170.0,250.0,180.0,580.0,30
428,E01009100,LSOA,Birmingham 025D,2011,70.0,100.0,330.0,70.0,780.0,10
429,E01009105,LSOA,Birmingham 025E,2011,20.0,20.0,40.0,80.0,920.0,10
430,E02001852,MSOA,Birmingham 026,2011,10.0,450.0,100.0,860.0,2720.0,90
431,E01009126,LSOA,Birmingham 026A,2011,0.0,0.0,40.0,0.0,1060.0,0
432,E01009408,LSOA,Birmingham 026B,2011,0.0,70.0,0.0,230.0,750.0,10
433,E01009409,LSOA,Birmingham 026C,2011,0.0,180.0,0.0,420.0,210.0,40
434,E01009410,LSOA,Birmingham 026D,2011,0.0,200.0,40.0,200.0,710.0,40
435,E02001853,MSOA,Birmingham 027,2011,70.0,200.0,2090.0,120.0,3410.0,40
436,E01009262,LSOA,Birmingham 027A,2011,20.0,40.0,270.0,50.0,490.0,40
437,E01009267,LSOA,Birmingham 027B,2011,40.0,110.0,300.0,10.0,560.0,0
438,E01009276,LSOA,Birmingham 027C,2011,0.0,0.0,340.0,20.0,720.0,0
439,E01009277,LSOA,Birmingham 027D,2011,10.0,0.0,500.0,0.0,460.0,0
440,E01009278,LSOA,Birmingham 027E,2011,0.0,20.0,340.0,30.0,640.0,0
441,E01009279,LSOA,Birmingham 027F,2011,0.0,10.0,360.0,10.0,540.0,0
442,E02001854,MSOA,Birmingham 028,2011,90.0,490.0,280.0,1100.0,2840.0,10
443,E01009008,LSOA,Birmingham 028A,2011,40.0,60.0,100.0,100.0,720.0,0
444,E01009011,LSOA,Birmingham 028B,2011,20.0,210.0,120.0,30.0,890.0,0
445,E01009012,LSOA,Birmingham 028C,2011,10.0,50.0,60.0,170.0,620.0,0
446,E01009102,LSOA,Birmingham 028D,2011,10.0,60.0,0.0,370.0,360.0,10
447,E01009106,LSOA,Birmingham 029F,2011,10.0,140.0,0.0,260.0,400.0,0
448,E02001856,MSOA,Birmingham 030,2011,20.0,820.0,260.0,1920.0,1380.0,40
449,E01008915,LSOA,Birmingham 030A,2011,0.0,50.0,0.0,390.0,220.0,10
450,E01009411,LSOA,Birmingham 030B,2011,0.0,440.0,200.0,210.0,180.0,0
451,E01009412,LSOA,Birmingham 030C,2011,20.0,100.0,20.0,510.0,130.0,10
452,E01009413,LSOA,Birmingham 030D,2011,0.0,100.0,20.0,360.0,450.0,10
453,E01009414,LSOA,Birmingham 030E,2011,0.0,140.0,40.0,460.0,390.0,10
454,E02001857,MSOA,Birmingham 031,2011,110.0,2170.0,490.0,1580.0,2630.0,120
455,E01008998,LSOA,Birmingham 031A,2011,20.0,60.0,0.0,340.0,440.0,0
456,E01008999,LSOA,Birmingham 031B,2011,10.0,60.0,140.0,160.0,420.0,10
457,E01009000,LSOA,Birmingham 031C,2011,0.0,480.0,120.0,90.0,270.0,10
458,E01009013,LSOA,Birmingham 031D,2011,50.0,330.0,90.0,340.0,290.0,30
459,E01009400,LSOA,Birmingham 031E,2011,10.0,90.0,20.0,180.0,550.0,20
460,E01009401,LSOA,Birmingham 031F,2011,0.0,140.0,40.0,300.0,300.0,10
461,E01009402,LSOA,Birmingham 031G,2011,10.0,1040.0,60.0,150.0,380.0,40
462,E02001858,MSOA,Birmingham 032,2011,40.0,1320.0,620.0,730.0,1500.0,70
463,E08000025,LAU2,Birmingham,2011,11780.0,103480.0,63790.0,153920.0,217280.0,5860
464,E02001827,MSOA,Birmingham 001,2011,270.0,580.0,2050.0,120.0,1290.0,10
465,E01009417,LSOA,Birmingham 001A,2011,10.0,140.0,380.0,40.0,430.0,0
466,E01009418,LSOA,Birmingham 001B,2011,110.0,210.0,320.0,40.0,280.0,0
467,E01009419,LSOA,Birmingham 001C,2011,90.0,100.0,260.0,40.0,450.0,0
468,E01009433,LSOA,Birmingham 001D,2011,50.0,130.0,1070.0,10.0,100.0,0
469,E02001828,MSOA,Birmingham 002,2011,620.0,830.0,1460.0,210.0,1600.0,10
470,E01009415,LSOA,Birmingham 002A,2011,150.0,50.0,640.0,20.0,290.0,0
471,E01009422,LSOA,Birmingham 002B,2011,140.0,260.0,390.0,30.0,510.0,0
472,E01009423,LSOA,Birmingham 002C,2011,100.0,160.0,140.0,140.0,530.0,0
473,E01009425,LSOA,Birmingham 002D,2011,220.0,360.0,280.0,20.0,270.0,0
474,E02001829,MSOA,Birmingham 003,2011,280.0,230.0,2800.0,260.0,2600.0,0
475,E01009416,LSOA,Birmingham 003A,2011,20.0,70.0,1020.0,120.0,560.0,0
476,E01009420,LSOA,Birmingham 003B,2011,10.0,70.0,60.0,110.0,850.0,0
477,E01009426,LSOA,Birmingham 003C,2011,140.0,30.0,530.0,0.0,340.0,0
478,E01009429,LSOA,Birmingham 003D,2011,50.0,30.0,740.0,30.0,220.0,0
479,E01009431,LSOA,Birmingham 003E,2011,60.0,40.0,460.0,0.0,580.0,0
480,E02001830,MSOA,Birmingham 004,2011,400.0,890.0,4230.0,210.0,730.0,10
481,E01009421,LSOA,Birmingham 004A,2011,150.0,30.0,870.0,0.0,0.0,0
482,E01009424,LSOA,Birmingham 004B,2011,10.0,280.0,310.0,140.0,280.0,10
483,E01009427,LSOA,Birmingham 004C,2011,50.0,400.0,470.0,0.0,60.0,0
484,E01009428,LSOA,Birmingham 004D,2011,20.0,10.0,1100.0,10.0,100.0,0
485,E01009430,LSOA,Birmingham 004E,2011,90.0,90.0,810.0,20.0,60.0,0
486,E01009468,LSOA,Birmingham 004F,2011,70.0,70.0,690.0,50.0,200.0,0
487,E02001831,MSOA,Birmingham 005,2011,180.0,1010.0,1170.0,990.0,3150.0,0
488,E01009445,LSOA,Birmingham 005A,2011,50.0,250.0,80.0,240.0,200.0,0
489,E01009446,LSOA,Birmingham 005B,2011,30.0,170.0,540.0,130.0,730.0,0
490,E01009447,LSOA,Birmingham 005C,2011,40.0,20.0,100.0,260.0,520.0,0
491,E01009448,LSOA,Birmingham 005D,2011,30.0,100.0,200.0,210.0,520.0,0
492,E01009452,LSOA,Birmingham 005E,2011,0.0,90.0,120.0,110.0,780.0,0
493,E01009455,LSOA,Birmingham 005F,2011,10.0,360.0,140.0,30.0,400.0,0
494,E02001832,MSOA,Birmingham 006,2011,350.0,520.0,2580.0,290.0,1920.0,10
495,E01009432,LSOA,Birmingham 006A,2011,60.0,180.0,250.0,20.0,540.0,0
496,E01009435,LSOA,Birmingham 006B,2011,10.0,20.0,730.0,130.0,280.0,0
497,E01009437,LSOA,Birmingham 006C,2011,100.0,200.0,520.0,90.0,340.0,0
498,E01009444,LSOA,Birmingham 006D,2011,130.0,20.0,500.0,0.0,480.0,0
499,E01009454,LSOA,Birmingham 006E,2011,60.0,100.0,600.0,60.0,280.0,0
500,E02001833,MSOA,Birmingham 007,2011,60.0,210.0,590.0,130.0,3290.0,0
501,E01009221,LSOA,Birmingham 007A,2011,10.0,30.0,20.0,120.0,850.0,0
502,E01009464,LSOA,Birmingham 007B,2011,0.0,50.0,80.0,10.0,940.0,0
503,E01009465,LSOA,Birmingham 007C,2011,0.0,0.0,240.0,0.0,780.0,0
504,E01009467,LSOA,Birmingham 007D,2011,50.0,140.0,250.0,10.0,700.0,0
505,E02001834,MSOA,Birmingham 008,2011,10.0,140.0,20.0,1340.0,1850.0,10
506,E01009220,LSOA,Birmingham 008A,2011,10.0,50.0,0.0,340.0,420.0,0
507,E01009222,LSOA,Birmingham 008B,2011,0.0,40.0,0.0,360.0,420.0,0
508,E01009224,LSOA,Birmingham 008C,2011,0.0,10.0,0.0,140.0,870.0,0
509,E01009233,LSOA,Birmingham 008D,2011,0.0,40.0,0.0,500.0,170.0,0
510,E02001835,MSOA,Birmingham 009,2011,130.0,1030.0,1280.0,610.0,2280.0,50
511,E01009449,LSOA,Birmingham 009A,2011,10.0,500.0,260.0,240.0,270.0,10
512,E01009451,LSOA,Birmingham 009B,2011,0.0,180.0,60.0,190.0,520.0,10
513,E01009453,LSOA,Birmingham 009C,2011,10.0,0.0,20.0,110.0,620.0,0
514,E01009466,LSOA,Birmingham 009D,2011,60.0,130.0,340.0,30.0,550.0,0
515,E01009471,LSOA,Birmingham 009E,2011,40.0,210.0,550.0,40.0,340.0,30
516,E02001836,MSOA,Birmingham 010,2011,180.0,370.0,2610.0,220.0,3160.0,10
517,E01009135,LSOA,Birmingham 010A,2011,30.0,60.0,590.0,40.0,310.0,0
518,E01009469,LSOA,Birmingham 010B,2011,80.0,50.0,650.0,20.0,240.0,0
519,E01009470,LSOA,Birmingham 010C,2011,20.0,0.0,560.0,0.0,520.0,0
520,E01009472,LSOA,Birmingham 010D,2011,30.0,10.0,100.0,60.0,900.0,0
521,E01009473,LSOA,Birmingham 010E,2011,20.0,140.0,200.0,30.0,800.0,0
522,E01009474,LSOA,Birmingham 010F,2011,0.0,110.0,520.0,80.0,410.0,0
523,E02001837,MSOA,Birmingham 011,2011,60.0,420.0,20.0,2700.0,1890.0,30
524,E01009127,LSOA,Birmingham 011A,2011,10.0,50.0,0.0,350.0,350.0,0
525,E01009128,LSOA,Birmingham 011B,2011,0.0,50.0,0.0,400.0,180.0,0
526,E01009130,LSOA,Birmingham 011C,2011,50.0,40.0,0.0,420.0,200.0,0
527,E01009131,LSOA,Birmingham 011D,2011,0.0,30.0,0.0,420.0,140.0,0
528,E01009133,LSOA,Birmingham 011E,2011,0.0,90.0,0.0,430.0,180.0,10
529,E01009134,LSOA,Birmingham 011F,2011,0.0,140.0,0.0,280.0,490.0,10
530,E01009137,LSOA,Birmingham 011G,2011,0.0,20.0,20.0,400.0,340.0,10
531,E02001838,MSOA,Birmingham 012,2011,110.0,260.0,2970.0,320.0,1670.0,10
532,E01009434,LSOA,Birmingham 012A,2011,20.0,60.0,620.0,110.0,250.0,0
533,E01009436,LSOA,Birmingham 012B,2011,30.0,20.0,890.0,0.0,80.0,0
534,E01009438,LSOA,Birmingham 012C,2011,10.0,50.0,710.0,50.0,210.0,0
535,E01009459,LSOA,Birmingham 015B,2011,10.0,160.0,690.0,0.0,320.0,0
536,E01009461,LSOA,Birmingham 015C,2011,50.0,20.0,780.0,0.0,190.0,0
537,E01009463,LSOA,Birmingham 015D,2011,40.0,110.0,560.0,30.0,320.0,0
538,E02001842,MSOA,Birmingham 016,2011,20.0,90.0,200.0,290.0,4980.0,0
539,E01009235,LSOA,Birmingham 016A,2011,0.0,0.0,20.0,80.0,1070.0,0
540,E01009243,LSOA,Birmingham 016B,2011,10.0,0.0,60.0,20.0,1000.0,0
541,E01009245,LSOA,Birmingham 016C,2011,10.0,50.0,80.0,0.0,940.0,0
542,E01009246,LSOA,Birmingham 016D,2011,0.0,30.0,20.0,190.0,870.0,0
543,E01010224,LSOA,Solihull 020C,2011,20.0,80.0,240.0,0.0,910.0,10
544,E01010225,LSOA,Solihull 020D,2011,0.0,0.0,40.0,0.0,1110.0,0
545,E02002101,MSOA,Solihull 021,2011,190.0,680.0,600.0,200.0,2560.0,0
546,E01010218,LSOA,Solihull 021A,2011,70.0,200.0,40.0,90.0,500.0,0
547,E01010219,LSOA,Solihull 021B,2011,20.0,130.0,160.0,80.0,810.0,0
548,E02002105,MSOA,Solihull 025,2011,320.0,230.0,3550.0,290.0,780.0,140
549,E01010166,LSOA,Solihull 025A,2011,80.0,0.0,680.0,0.0,210.0,60
550,E01010168,LSOA,Solihull 025B,2011,70.0,110.0,690.0,120.0,220.0,40
551,E01010169,LSOA,Solihull 025C,2011,40.0,90.0,820.0,40.0,140.0,20
552,E01010170,LSOA,Solihull 025D,2011,40.0,10.0,880.0,10.0,90.0,10
553,E01010171,LSOA,Solihull 025E,2011,90.0,20.0,480.0,110.0,120.0,10
554,E02002106,MSOA,Solihull 026,2011,170.0,660.0,4240.0,260.0,1290.0,40
555,E01010151,LSOA,Solihull 026A,2011,40.0,250.0,240.0,150.0,400.0,10
556,E01010152,LSOA,Solihull 026B,2011,10.0,10.0,840.0,0.0,120.0,0
557,E01010153,LSOA,Solihull 026C,2011,40.0,90.0,860.0,40.0,90.0,0
558,E01010154,LSOA,Solihull 026D,2011,60.0,180.0,700.0,40.0,50.0,20
559,E01010155,LSOA,Solihull 026E,2011,10.0,100.0,700.0,20.0,370.0,0
560,E01010156,LSOA,Solihull 026F,2011,10.0,40.0,900.0,10.0,240.0,0
561,E02002107,MSOA,Solihull 027,2011,130.0,40.0,2960.0,210.0,550.0,40
562,E01010212,LSOA,Solihull 027A,2011,20.0,0.0,850.0,30.0,20.0,0
563,E01010214,LSOA,Solihull 027B,2011,40.0,0.0,640.0,0.0,210.0,0
564,E01010215,LSOA,Solihull 027C,2011,60.0,40.0,760.0,80.0,130.0,20
565,E01010216,LSOA,Solihull 027D,2011,10.0,0.0,730.0,100.0,140.0,20
566,E02002108,MSOA,Solihull 028,2011,330.0,340.0,4120.0,280.0,1450.0,30
567,E01010150,LSOA,Solihull 028A,2011,100.0,10.0,810.0,10.0,220.0,0
568,E01010184,LSOA,Solihull 028B,2011,30.0,110.0,140.0,100.0,610.0,0
569,E01010185,LSOA,Solihull 028C,2011,60.0,30.0,860.0,10.0,160.0,0
570,E01010186,LSOA,Solihull 028D,2011,40.0,120.0,600.0,140.0,320.0,0
571,E01010187,LSOA,Solihull 028E,2011,10.0,0.0,840.0,20.0,20.0,10
572,E01010188,LSOA,Solihull 028F,2011,90.0,70.0,880.0,10.0,140.0,10
573,E02002109,MSOA,Solihull 029,2011,330.0,920.0,2600.0,540.0,1440.0,70
574,E01010180,LSOA,Solihull 029A,2011,20.0,20.0,200.0,150.0,440.0,20
575,E01010181,LSOA,Solihull 029B,2011,150.0,80.0,660.0,90.0,190.0,10
576,E01010182,LSOA,Solihull 029C,2011,40.0,780.0,650.0,200.0,240.0,20
577,E01010183,LSOA,Solihull 029D,2011,50.0,30.0,390.0,50.0,350.0,10
578,E01010189,LSOA,Solihull 029E,2011,60.0,20.0,690.0,60.0,230.0,0
579,E01010146,LSOA,Solihull 004A,2011,20.0,140.0,0.0,250.0,480.0,0
580,E01010234,LSOA,Solihull 004B,2011,60.0,230.0,0.0,300.0,170.0,10
581,E01010237,LSOA,Solihull 004C,2011,40.0,100.0,40.0,290.0,690.0,0
582,E01010238,LSOA,Solihull 004D,2011,40.0,270.0,0.0,320.0,70.0,0
583,E02002085,MSOA,Solihull 005,2011,60.0,890.0,180.0,660.0,1870.0,10
584,E01010145,LSOA,Solihull 005A,2011,0.0,150.0,80.0,110.0,780.0,0
585,E01010147,LSOA,Solihull 005B,2011,20.0,390.0,0.0,180.0,150.0,0
586,E01010148,LSOA,Solihull 005C,2011,20.0,340.0,20.0,300.0,170.0,10
587,E01010149,LSOA,Solihull 005D,2011,20.0,20.0,100.0,70.0,760.0,0
588,E02002086,MSOA,Solihull 006,2011,100.0,1010.0,20.0,1000.0,720.0,10
589,E01010125,LSOA,Solihull 006A,2011,40.0,330.0,0.0,260.0,150.0,0
590,E01010129,LSOA,Solihull 006B,2011,30.0,280.0,0.0,320.0,150.0,0
591,E01010139,LSOA,Solihull 006C,2011,20.0,20.0,0.0,230.0,280.0,0
592,E01010128,LSOA,Solihull 008D,2011,10.0,160.0,0.0,320.0,280.0,0
593,E01010130,LSOA,Solihull 008E,2011,50.0,400.0,0.0,340.0,100.0,0
594,E01010131,LSOA,Solihull 008F,2011,10.0,300.0,0.0,300.0,60.0,0
595,E02002089,MSOA,Solihull 009,2011,210.0,330.0,1320.0,850.0,2050.0,40
596,E01010109,LSOA,Solihull 009A,2011,60.0,0.0,250.0,100.0,450.0,20
597,E01010110,LSOA,Solihull 009B,2011,50.0,30.0,550.0,30.0,330.0,10
598,E01010112,LSOA,Solihull 009C,2011,20.0,130.0,120.0,290.0,350.0,0
599,E01010113,LSOA,Solihull 009D,2011,50.0,70.0,40.0,350.0,180.0,0
600,E01010114,LSOA,Solihull 009E,2011,30.0,100.0,340.0,80.0,750.0,10
601,E02002090,MSOA,Solihull 010,2011,130.0,20.0,140.0,220.0,3510.0,10
602,E01010157,LSOA,Solihull 010A,2011,0.0,0.0,0.0,200.0,650.0,10
603,E01010159,LSOA,Solihull 010B,2011,10.0,0.0,40.0,0.0,960.0,0
604,E01010162,LSOA,Solihull 010C,2011,120.0,0.0,20.0,10.0,990.0,0
605,E01010163,LSOA,Solihull 010D,2011,0.0,20.0,40.0,10.0,900.0,0
606,E02002091,MSOA,Solihull 011,2011,230.0,280.0,240.0,330.0,4490.0,10
607,E01010132,LSOA,Solihull 011A,2011,20.0,90.0,40.0,20.0,990.0,0
608,E01010133,LSOA,Solihull 011B,2011,130.0,120.0,40.0,0.0,930.0,0
609,E01010134,LSOA,Solihull 011C,2011,0.0,10.0,20.0,30.0,1120.0,0
610,E01010135,LSOA,Solihull 011D,2011,40.0,40.0,140.0,180.0,670.0,0
611,E01010138,LSOA,Solihull 011E,2011,60.0,10.0,40.0,100.0,810.0,0
612,E02002092,MSOA,Solihull 012,2011,220.0,500.0,240.0,380.0,3620.0,0
613,E01010136,LSOA,Solihull 012A,2011,0.0,0.0,20.0,0.0,960.0,0
614,E01010137,LSOA,Solihull 012B,2011,100.0,150.0,0.0,170.0,410.0,0
615,E01010158,LSOA,Solihull 012C,2011,20.0,210.0,0.0,100.0,610.0,0
616,E01010160,LSOA,Solihull 012D,2011,50.0,110.0,160.0,50.0,660.0,0
617,E01010161,LSOA,Solihull 012E,2011,40.0,30.0,40.0,60.0,990.0,0
618,E02002093,MSOA,Solihull 013,2011,170.0,840.0,710.0,530.0,1910.0,70
619,E01010174,LSOA,Solihull 013A,2011,0.0,90.0,60.0,260.0,570.0,0
620,E01010175,LSOA,Solihull 013B,2011,60.0,180.0,570.0,20.0,320.0,10
621,E01010177,LSOA,Solihull 013C,2011,80.0,80.0,20.0,120.0,520.0,0
622,E01010178,LSOA,Solihull 013D,2011,30.0,490.0,40.0,120.0,460.0,50
623,E02002094,MSOA,Solihull 014,2011,120.0,540.0,1490.0,90.0,1900.0,10
624,E01010172,LSOA,Solihull 014A,2011,0.0,40.0,200.0,40.0,820.0,0
625,E01010173,LSOA,Solihull 014B,2011,50.0,30.0,550.0,20.0,330.0,0
626,E01010176,LSOA,Solihull 014C,2011,30.0,30.0,560.0,0.0,280.0,10
627,E01010179,LSOA,Solihull 014D,2011,40.0,450.0,160.0,40.0,450.0,0
628,E02002095,MSOA,Solihull 015,2011,200.0,620.0,2520.0,710.0,1420.0,40
629,E01010115,LSOA,Solihull 015A,2011,70.0,60.0,520.0,50.0,340.0,20
630,E01010116,LSOA,Solihull 015B,2011,0.0,0.0,860.0,0.0,220.0,0
631,E01010227,LSOA,Solihull 015C,2011,50.0,130.0,780.0,60.0,340.0,10
632,E01010228,LSOA,Solihull 015D,2011,30.0,90.0,350.0,190.0,430.0,10
633,E01010232,LSOA,Solihull 015E,2011,40.0,340.0,40.0,420.0,100.0,0
634,E02002096,MSOA,Solihull 016,2011,220.0,1020.0,2870.0,310.0,2550.0,30
635,E01010195,LSOA,Solihull 016A,2011,20.0,40.0,620.0,0.0,440.0,0
636,E01010226,LSOA,Solihull 016B,2011,40.0,600.0,180.0,90.0,130.0,10
637,E01010229,LSOA,Solihull 016C,2011,30.0,30.0,640.0,0.0,380.0,10
638,E01010230,LSOA,Solihull 016D,2011,50.0,150.0,380.0,100.0,620.0,10
639,E01010231,LSOA,Solihull 016E,2011,30.0,60.0,980.0,0.0,180.0,0
640,E01010233,LSOA,Solihull 016F,2011,40.0,150.0,80.0,110.0,820.0,0
641,E02002097,MSOA,Solihull 017,2011,320.0,270.0,2000.0,430.0,1140.0,240
642,E01010108,LSOA,Solihull 017A,2011,110.0,70.0,750.0,160.0,260.0,10
643,E01010164,LSOA,Solihull 017B,2011,60.0,10.0,560.0,50.0,290.0,100
644,E01010165,LSOA,Solihull 017C,2011,90.0,170.0,270.0,140.0,280.0,70
645,E01010167,LSOA,Solihull 017D,2011,60.0,50.0,420.0,100.0,320.0,60
646,E02002098,MSOA,Solihull 018,2011,330.0,540.0,1130.0,420.0,3960.0,10
647,E01010199,LSOA,Solihull 018A,2011,80.0,10.0,380.0,30.0,930.0,0
648,E01010200,LSOA,Solihull 018B,2011,130.0,110.0,60.0,180.0,450.0,10
649,E01010201,LSOA,Solihull 018C,2011,40.0,30.0,100.0,60.0,900.0,0
650,E01010204,LSOA,Solihull 018D,2011,30.0,350.0,40.0,100.0,340.0,0
651,E01010205,LSOA,Solihull 018E,2011,30.0,20.0,540.0,60.0,250.0,0
652,E01010206,LSOA,Solihull 018F,2011,10.0,20.0,40.0,10.0,1120.0,0
653,E02002099,MSOA,Solihull 019,2011,150.0,730.0,2890.0,40.0,800.0,50
654,E01010192,LSOA,Solihull 019A,2011,40.0,370.0,520.0,20.0,140.0,10
655,E01010196,LSOA,Solihull 019B,2011,60.0,10.0,1010.0,10.0,180.0,0
656,E01010197,LSOA,Solihull 019C,2011,50.0,50.0,920.0,0.0,100.0,0
657,E01010198,LSOA,Solihull 019D,2011,10.0,310.0,440.0,10.0,420.0,40
658,E02002100,MSOA,Solihull 020,2011,60.0,90.0,430.0,80.0,3890.0,10
659,E01010220,LSOA,Solihull 020A,2011,30.0,0.0,140.0,10.0,1140.0,0
660,E01010223,LSOA,Solihull 020B,2011,10.0,10.0,20.0,70.0,710.0,0
661,E01010221,LSOA,Solihull 021C,2011,80.0,250.0,180.0,20.0,570.0,0
662,E01010222,LSOA,Solihull 021D,2011,20.0,120.0,240.0,10.0,710.0,0
663,E02002102,MSOA,Solihull 022,2011,150.0,650.0,1590.0,480.0,2860.0,10
664,E01010191,LSOA,Solihull 022A,2011,20.0,210.0,720.0,130.0,60.0,0
665,E01010202,LSOA,Solihull 022B,2011,10.0,60.0,350.0,0.0,800.0,0
666,E01010203,LSOA,Solihull 022C,2011,50.0,230.0,170.0,90.0,650.0,0
667,E01010209,LSOA,Solihull 022D,2011,20.0,30.0,240.0,200.0,700.0,0
668,E01010213,LSOA,Solihull 022E,2011,60.0,130.0,100.0,70.0,680.0,10
669,E02002103,MSOA,Solihull 023,2011,360.0,160.0,1630.0,200.0,2030.0,10
670,E01010208,LSOA,Solihull 023A,2011,90.0,20.0,340.0,0.0,740.0,0
671,E01010210,LSOA,Solihull 023B,2011,100.0,20.0,580.0,0.0,510.0,0
672,E01010211,LSOA,Solihull 023C,2011,170.0,40.0,400.0,190.0,110.0,0
673,E01010217,LSOA,Solihull 023D,2011,0.0,90.0,310.0,10.0,660.0,0
674,E02002104,MSOA,Solihull 024,2011,90.0,60.0,3180.0,230.0,630.0,30
675,E01010190,LSOA,Solihull 024A,2011,10.0,10.0,760.0,160.0,190.0,0
676,E01010193,LSOA,Solihull 024B,2011,10.0,0.0,850.0,0.0,0.0,20
677,E01010194,LSOA,Solihull 024C,2011,20.0,0.0,860.0,70.0,250.0,0
678,E01010207,LSOA,Solihull 024D,2011,40.0,50.0,680.0,10.0,210.0,10
679,E08000029,LAU2,Solihull,2011,5280.0,15940.0,42700.0,15150.0,56190.0,940
680,E02002081,MSOA,Solihull 001,2011,120.0,480.0,1450.0,380.0,1270.0,10
681,E01010118,LSOA,Solihull 001A,2011,30.0,0.0,460.0,200.0,60.0,0
682,E01010120,LSOA,Solihull 001B,2011,20.0,300.0,140.0,100.0,280.0,0
683,E01010121,LSOA,Solihull 001C,2011,20.0,60.0,350.0,60.0,600.0,10
684,E01010122,LSOA,Solihull 001D,2011,40.0,120.0,550.0,20.0,330.0,0
685,E02002082,MSOA,Solihull 002,2011,90.0,530.0,40.0,1610.0,590.0,0
686,E01010235,LSOA,Solihull 002A,2011,0.0,120.0,20.0,360.0,140.0,0
687,E01010236,LSOA,Solihull 002B,2011,30.0,280.0,0.0,340.0,130.0,0
688,E01010239,LSOA,Solihull 002C,2011,40.0,20.0,0.0,440.0,300.0,0
689,E01010240,LSOA,Solihull 002D,2011,30.0,100.0,0.0,470.0,0.0,0
690,E02002083,MSOA,Solihull 003,2011,0.0,130.0,460.0,40.0,3900.0,10
691,E01010117,LSOA,Solihull 003A,2011,0.0,0.0,200.0,10.0,790.0,0
692,E01010119,LSOA,Solihull 003B,2011,0.0,20.0,40.0,0.0,1180.0,0
693,E01010123,LSOA,Solihull 003C,2011,0.0,70.0,40.0,0.0,980.0,0
694,E01010124,LSOA,Solihull 003D,2011,0.0,30.0,160.0,30.0,920.0,10
695,E02002084,MSOA,Solihull 004,2011,160.0,730.0,40.0,1150.0,1410.0,10
696,E01010141,LSOA,Solihull 006D,2011,10.0,370.0,0.0,190.0,140.0,0
697,E02002087,MSOA,Solihull 007,2011,140.0,960.0,60.0,1410.0,540.0,0
698,E01010140,LSOA,Solihull 007A,2011,40.0,180.0,0.0,430.0,40.0,0
699,E01010142,LSOA,Solihull 007B,2011,30.0,290.0,0.0,360.0,0.0,0
700,E01010143,LSOA,Solihull 007C,2011,40.0,300.0,0.0,320.0,40.0,0
701,E01010144,LSOA,Solihull 007D,2011,20.0,190.0,40.0,290.0,420.0,0
702,E02002088,MSOA,Solihull 008,2011,150.0,1680.0,60.0,1820.0,1120.0,0
703,E01010111,LSOA,Solihull 008A,2011,10.0,300.0,0.0,320.0,50.0,0
704,E01010126,LSOA,Solihull 008B,2011,40.0,320.0,0.0,250.0,120.0,0
705,E01010127,LSOA,Solihull 008C,2011,20.0,200.0,40.0,270.0,510.0,0
706,E01010191,LSOA,Solihull 022A,2012,20.0,210.0,720.0,130.0,60.0,0
707,E01010202,LSOA,Solihull 022B,2012,10.0,60.0,350.0,0.0,800.0,0
708,E01010203,LSOA,Solihull 022C,2012,50.0,230.0,170.0,90.0,650.0,0
709,E01010209,LSOA,Solihull 022D,2012,20.0,30.0,240.0,200.0,700.0,0
710,E01010213,LSOA,Solihull 022E,2012,60.0,130.0,100.0,70.0,680.0,10
711,E02002103,MSOA,Solihull 023,2012,360.0,160.0,1630.0,200.0,2030.0,10
712,E01010208,LSOA,Solihull 023A,2012,90.0,20.0,340.0,0.0,740.0,0
713,E01010210,LSOA,Solihull 023B,2012,100.0,20.0,560.0,0.0,510.0,0
714,E01010211,LSOA,Solihull 023C,2012,170.0,40.0,400.0,190.0,110.0,0
715,E01010217,LSOA,Solihull 023D,2012,0.0,90.0,310.0,10.0,660.0,0
716,E02002104,MSOA,Solihull 024,2012,90.0,60.0,3160.0,230.0,630.0,30
717,E01010190,LSOA,Solihull 024A,2012,10.0,10.0,760.0,160.0,190.0,0
718,E01010193,LSOA,Solihull 024B,2012,10.0,0.0,850.0,0.0,0.0,20
719,E01010194,LSOA,Solihull 024C,2012,20.0,0.0,860.0,70.0,250.0,0
720,E01010207,LSOA,Solihull 024D,2012,40.0,50.0,680.0,10.0,210.0,10
721,E02002105,MSOA,Solihull 025,2012,320.0,240.0,3570.0,300.0,810.0,130
722,E01010152,LSOA,Solihull 026B,2012,10.0,10.0,840.0,0.0,120.0,0
723,E01010153,LSOA,Solihull 026C,2012,40.0,90.0,860.0,40.0,90.0,0
724,E01010154,LSOA,Solihull 026D,2012,60.0,180.0,740.0,40.0,50.0,20
725,E01010155,LSOA,Solihull 026E,2012,10.0,100.0,700.0,20.0,370.0,0
726,E01010156,LSOA,Solihull 026F,2012,10.0,40.0,900.0,10.0,240.0,0
727,E02002107,MSOA,Solihull 027,2012,130.0,40.0,2980.0,210.0,550.0,40
728,E01010212,LSOA,Solihull 027A,2012,20.0,0.0,850.0,30.0,20.0,0
729,E01010214,LSOA,Solihull 027B,2012,40.0,0.0,640.0,0.0,210.0,0
730,E01010215,LSOA,Solihull 027C,2012,60.0,40.0,760.0,80.0,130.0,20
731,E01010216,LSOA,Solihull 027D,2012,10.0,0.0,730.0,100.0,140.0,20
732,E02002108,MSOA,Solihull 028,2012,330.0,340.0,4110.0,290.0,1470.0,30
733,E01010150,LSOA,Solihull 028A,2012,100.0,10.0,810.0,10.0,220.0,0
734,E01010184,LSOA,Solihull 028B,2012,30.0,110.0,140.0,100.0,610.0,0
735,E01010185,LSOA,Solihull 028C,2012,60.0,30.0,860.0,10.0,160.0,0
736,E01010186,LSOA,Solihull 028D,2012,40.0,120.0,600.0,150.0,320.0,0
737,E01010187,LSOA,Solihull 028E,2012,10.0,0.0,840.0,20.0,20.0,10
738,E01010188,LSOA,Solihull 028F,2012,90.0,70.0,880.0,10.0,140.0,10
739,E02002109,MSOA,Solihull 029,2012,330.0,920.0,2620.0,540.0,1440.0,70
740,E01010180,LSOA,Solihull 029A,2012,20.0,20.0,200.0,150.0,440.0,20
741,E01010181,LSOA,Solihull 029B,2012,140.0,80.0,640.0,90.0,190.0,10
742,E01010182,LSOA,Solihull 029C,2012,40.0,790.0,650.0,200.0,240.0,30
743,E01010183,LSOA,Solihull 029D,2012,50.0,30.0,390.0,50.0,350.0,10
744,E01010189,LSOA,Solihull 029E,2012,50.0,20.0,710.0,60.0,230.0,0
745,E01010118,LSOA,Solihull 001A,2012,30.0,0.0,460.0,200.0,60.0,0
746,E01010149,LSOA,Solihull 005D,2012,20.0,20.0,100.0,80.0,780.0,0
747,E02002086,MSOA,Solihull 006,2012,100.0,1010.0,20.0,1000.0,720.0,10
748,E01010125,LSOA,Solihull 006A,2012,40.0,330.0,0.0,260.0,150.0,0
749,E01010129,LSOA,Solihull 006B,2012,30.0,280.0,0.0,320.0,150.0,0
750,E01010139,LSOA,Solihull 006C,2012,20.0,20.0,0.0,230.0,280.0,0
751,E01010141,LSOA,Solihull 006D,2012,10.0,370.0,0.0,190.0,140.0,0
752,E02002087,MSOA,Solihull 007,2012,140.0,960.0,60.0,1410.0,540.0,0
753,E01010140,LSOA,Solihull 007A,2012,40.0,180.0,0.0,430.0,40.0,0
754,E01010142,LSOA,Solihull 007B,2012,30.0,290.0,0.0,360.0,0.0,0
755,E01010143,LSOA,Solihull 007C,2012,40.0,300.0,0.0,320.0,40.0,0
756,E01010144,LSOA,Solihull 007D,2012,20.0,190.0,40.0,290.0,420.0,0
757,E02002088,MSOA,Solihull 008,2012,150.0,1680.0,60.0,1830.0,1150.0,0
758,E01010111,LSOA,Solihull 008A,2012,10.0,300.0,0.0,320.0,50.0,0
759,E01010126,LSOA,Solihull 008B,2012,40.0,320.0,0.0,250.0,120.0,0
760,E01010127,LSOA,Solihull 008C,2012,20.0,200.0,40.0,270.0,510.0,0
761,E01010128,LSOA,Solihull 008D,2012,20.0,150.0,0.0,330.0,310.0,0
762,E01010130,LSOA,Solihull 008E,2012,50.0,400.0,0.0,340.0,100.0,0
763,E01010131,LSOA,Solihull 008F,2012,10.0,300.0,0.0,300.0,60.0,0
764,E02002089,MSOA,Solihull 009,2012,210.0,330.0,1320.0,850.0,2040.0,40
765,E01010109,LSOA,Solihull 009A,2012,60.0,0.0,250.0,100.0,450.0,20
766,E01010110,LSOA,Solihull 009B,2012,50.0,30.0,570.0,30.0,330.0,10
767,E01010112,LSOA,Solihull 009C,2012,20.0,130.0,120.0,290.0,350.0,0
768,E01010113,LSOA,Solihull 009D,2012,50.0,70.0,40.0,350.0,180.0,0
769,E01010114,LSOA,Solihull 009E,2012,30.0,100.0,340.0,80.0,750.0,10
770,E02002090,MSOA,Solihull 010,2012,130.0,20.0,140.0,220.0,3510.0,10
771,E01010157,LSOA,Solihull 010A,2012,0.0,0.0,0.0,200.0,650.0,10
772,E01010159,LSOA,Solihull 010B,2012,10.0,0.0,40.0,0.0,960.0,0
773,E01010162,LSOA,Solihull 010C,2012,120.0,0.0,20.0,10.0,990.0,0
774,E01010163,LSOA,Solihull 010D,2012,0.0,20.0,40.0,10.0,900.0,0
775,E02002091,MSOA,Solihull 011,2012,230.0,280.0,240.0,330.0,4490.0,10
776,E01010132,LSOA,Solihull 011A,2012,20.0,90.0,40.0,20.0,990.0,0
777,E01010133,LSOA,Solihull 011B,2012,130.0,120.0,40.0,0.0,930.0,0
778,E01010134,LSOA,Solihull 011C,2012,0.0,10.0,20.0,30.0,1120.0,0
779,E01010135,LSOA,Solihull 011D,2012,40.0,40.0,140.0,180.0,690.0,0
780,E01010138,LSOA,Solihull 011E,2012,60.0,10.0,40.0,100.0,810.0,0
781,E02002092,MSOA,Solihull 012,2012,220.0,500.0,240.0,380.0,3620.0,0
782,E01010136,LSOA,Solihull 012A,2012,0.0,0.0,20.0,0.0,960.0,0
783,E01010137,LSOA,Solihull 012B,2012,100.0,150.0,0.0,170.0,410.0,0
784,E01010158,LSOA,Solihull 012C,2012,20.0,210.0,0.0,100.0,610.0,0
785,E01010160,LSOA,Solihull 012D,2012,50.0,110.0,160.0,50.0,660.0,0
786,E01010161,LSOA,Solihull 012E,2012,40.0,30.0,40.0,60.0,970.0,0
787,E02002093,MSOA,Solihull 013,2012,170.0,840.0,710.0,540.0,1910.0,80
788,E01010174,LSOA,Solihull 013A,2012,0.0,90.0,60.0,260.0,570.0,0
789,E01010175,LSOA,Solihull 013B,2012,60.0,180.0,570.0,20.0,320.0,20
790,E01010177,LSOA,Solihull 013C,2012,80.0,80.0,20.0,120.0,520.0,0
791,E01010178,LSOA,Solihull 013D,2012,30.0,490.0,40.0,120.0,460.0,60
792,E02002094,MSOA,Solihull 014,2012,110.0,540.0,1470.0,90.0,1900.0,10
793,E01010172,LSOA,Solihull 014A,2012,0.0,40.0,200.0,40.0,840.0,0
794,E01010173,LSOA,Solihull 014B,2012,40.0,30.0,550.0,20.0,330.0,0
795,E01010176,LSOA,Solihull 014C,2012,30.0,30.0,560.0,0.0,280.0,10
796,E01010179,LSOA,Solihull 014D,2012,40.0,450.0,160.0,40.0,450.0,0
797,E02002095,MSOA,Solihull 015,2012,200.0,620.0,2540.0,710.0,1420.0,40
798,E01010115,LSOA,Solihull 015A,2012,80.0,60.0,540.0,50.0,340.0,20
799,E01010116,LSOA,Solihull 015B,2012,0.0,0.0,840.0,0.0,220.0,0
800,E01010227,LSOA,Solihull 015C,2012,50.0,130.0,780.0,60.0,340.0,10
801,E01010228,LSOA,Solihull 015D,2012,30.0,90.0,350.0,190.0,430.0,10
802,E01010232,LSOA,Solihull 015E,2012,40.0,340.0,40.0,420.0,100.0,0
803,E02002096,MSOA,Solihull 016,2012,220.0,1100.0,2870.0,320.0,2570.0,30
804,E01010195,LSOA,Solihull 016A,2012,20.0,40.0,620.0,0.0,440.0,0
805,E01010226,LSOA,Solihull 016B,2012,40.0,600.0,180.0,90.0,130.0,10
806,E01010229,LSOA,Solihull 016C,2012,30.0,30.0,640.0,0.0,380.0,10
807,E01010230,LSOA,Solihull 016D,2012,50.0,150.0,380.0,110.0,640.0,10
808,E01010231,LSOA,Solihull 016E,2012,30.0,60.0,980.0,0.0,180.0,0
809,E01010233,LSOA,Solihull 016F,2012,40.0,220.0,80.0,110.0,820.0,0
810,E02002097,MSOA,Solihull 017,2012,320.0,280.0,2020.0,430.0,1160.0,240
811,E01010108,LSOA,Solihull 017A,2012,110.0,70.0,750.0,150.0,260.0,10
812,E01010164,LSOA,Solihull 017B,2012,60.0,10.0,580.0,50.0,290.0,100
813,E01010165,LSOA,Solihull 017C,2012,80.0,170.0,290.0,140.0,280.0,70
814,E01010167,LSOA,Solihull 017D,2012,60.0,50.0,420.0,100.0,320.0,60
815,E02002098,MSOA,Solihull 018,2012,330.0,540.0,1150.0,420.0,3960.0,10
816,E01010199,LSOA,Solihull 018A,2012,80.0,10.0,380.0,30.0,930.0,0
817,E01010200,LSOA,Solihull 018B,2012,130.0,110.0,60.0,180.0,450.0,10
818,E01010201,LSOA,Solihull 018C,2012,40.0,30.0,100.0,60.0,900.0,0
819,E01010204,LSOA,Solihull 018D,2012,30.0,350.0,40.0,100.0,340.0,0
820,E01010205,LSOA,Solihull 018E,2012,30.0,20.0,540.0,60.0,250.0,0
821,E01010206,LSOA,Solihull 018F,2012,10.0,20.0,40.0,10.0,1120.0,0
822,E02002099,MSOA,Solihull 019,2012,150.0,730.0,2890.0,40.0,800.0,50
823,E01010192,LSOA,Solihull 019A,2012,40.0,370.0,520.0,20.0,140.0,10
824,E01010196,LSOA,Solihull 019B,2012,60.0,10.0,1010.0,20.0,180.0,0
825,E01010197,LSOA,Solihull 019C,2012,50.0,50.0,920.0,0.0,100.0,0
826,E01010198,LSOA,Solihull 019D,2012,10.0,310.0,440.0,10.0,420.0,40
827,E02002100,MSOA,Solihull 020,2012,60.0,110.0,430.0,80.0,3890.0,10
828,E01010220,LSOA,Solihull 020A,2012,30.0,0.0,140.0,10.0,1140.0,0
829,E01010223,LSOA,Solihull 020B,2012,10.0,10.0,20.0,70.0,710.0,0
830,E01010224,LSOA,Solihull 020C,2012,20.0,90.0,240.0,0.0,910.0,10
831,E01010225,LSOA,Solihull 020D,2012,0.0,0.0,40.0,0.0,1110.0,0
832,E02002101,MSOA,Solihull 021,2012,190.0,680.0,600.0,200.0,2560.0,0
833,E01010218,LSOA,Solihull 021A,2012,70.0,200.0,40.0,90.0,500.0,0
834,E01010219,LSOA,Solihull 021B,2012,20.0,130.0,160.0,80.0,810.0,0
835,E01010221,LSOA,Solihull 021C,2012,80.0,250.0,180.0,20.0,570.0,0
836,E01010222,LSOA,Solihull 021D,2012,20.0,120.0,240.0,10.0,710.0,0
837,E02002102,MSOA,Solihull 022,2012,150.0,650.0,1590.0,480.0,2860.0,10
838,E01010166,LSOA,Solihull 025A,2012,80.0,0.0,700.0,0.0,210.0,60
839,E01010168,LSOA,Solihull 025B,2012,70.0,110.0,710.0,120.0,260.0,40
840,E01010169,LSOA,Solihull 025C,2012,40.0,90.0,820.0,40.0,140.0,20
841,E01010170,LSOA,Solihull 025D,2012,40.0,10.0,880.0,10.0,90.0,10
842,E01010171,LSOA,Solihull 025E,2012,90.0,20.0,480.0,110.0,120.0,10
843,E02002106,MSOA,Solihull 026,2012,170.0,660.0,4240.0,260.0,1290.0,40
844,E01010151,LSOA,Solihull 026A,2012,40.0,250.0,240.0,150.0,380.0,10
845,E08000029,LAU2,Solihull,2012,5280.0,15990.0,42880.0,15200.0,56340.0,960
846,E02002081,MSOA,Solihull 001,2012,120.0,480.0,1470.0,380.0,1270.0,10
847,E01010120,LSOA,Solihull 001B,2012,20.0,300.0,140.0,100.0,280.0,0
848,E01010121,LSOA,Solihull 001C,2012,20.0,60.0,350.0,60.0,600.0,10
849,E01010122,LSOA,Solihull 001D,2012,40.0,120.0,550.0,20.0,330.0,0
850,E02002082,MSOA,Solihull 002,2012,90.0,530.0,40.0,1600.0,560.0,0
851,E01010235,LSOA,Solihull 002A,2012,0.0,120.0,20.0,360.0,140.0,0
852,E01010236,LSOA,Solihull 002B,2012,30.0,280.0,0.0,340.0,120.0,0
853,E01010239,LSOA,Solihull 002C,2012,40.0,20.0,0.0,440.0,280.0,0
854,E01010240,LSOA,Solihull 002D,2012,30.0,100.0,0.0,460.0,0.0,0
855,E02002083,MSOA,Solihull 003,2012,0.0,130.0,500.0,50.0,3940.0,10
856,E01010117,LSOA,Solihull 003A,2012,0.0,0.0,220.0,20.0,840.0,0
857,E01010119,LSOA,Solihull 003B,2012,0.0,20.0,40.0,0.0,1180.0,0
858,E01010123,LSOA,Solihull 003C,2012,0.0,70.0,40.0,0.0,980.0,0
859,E01010124,LSOA,Solihull 003D,2012,0.0,30.0,160.0,30.0,920.0,10
860,E02002084,MSOA,Solihull 004,2012,160.0,680.0,60.0,1170.0,1440.0,10
861,E01010146,LSOA,Solihull 004A,2012,20.0,140.0,0.0,250.0,480.0,0
862,E01010234,LSOA,Solihull 004B,2012,60.0,170.0,20.0,300.0,220.0,10
863,E01010237,LSOA,Solihull 004C,2012,40.0,100.0,40.0,290.0,690.0,0
864,E01010238,LSOA,Solihull 004D,2012,40.0,270.0,0.0,320.0,70.0,0
865,E02002085,MSOA,Solihull 005,2012,60.0,880.0,180.0,660.0,1890.0,10
866,E01010145,LSOA,Solihull 005A,2012,0.0,150.0,80.0,110.0,780.0,0
867,E01010147,LSOA,Solihull 005B,2012,20.0,380.0,0.0,170.0,150.0,0
868,E01010148,LSOA,Solihull 005C,2012,20.0,340.0,20.0,300.0,170.0,10
869,E01009076,LSOA,Birmingham 087D,2012,10.0,90.0,70.0,340.0,340.0,0
870,E01009078,LSOA,Birmingham 087E,2012,10.0,110.0,20.0,240.0,390.0,0
871,E02001914,MSOA,Birmingham 088,2012,10.0,670.0,1080.0,860.0,410.0,30
872,E01009180,LSOA,Birmingham 088A,2012,0.0,60.0,0.0,400.0,40.0,10
873,E01009181,LSOA,Birmingham 088B,2012,0.0,120.0,40.0,250.0,60.0,10
874,E01009183,LSOA,Birmingham 088C,2012,10.0,140.0,640.0,40.0,160.0,0
875,E01009186,LSOA,Birmingham 088D,2012,0.0,360.0,400.0,160.0,150.0,10
876,E02001915,MSOA,Birmingham 089,2012,40.0,1380.0,670.0,1420.0,2850.0,80
877,E01008890,LSOA,Birmingham 089A,2012,30.0,110.0,40.0,190.0,580.0,0
878,E01008891,LSOA,Birmingham 089B,2012,0.0,160.0,180.0,90.0,580.0,0
879,E01008892,LSOA,Birmingham 089C,2012,0.0,60.0,0.0,300.0,260.0,10
880,E01009187,LSOA,Birmingham 092C,2012,10.0,280.0,160.0,80.0,430.0,20
881,E01009188,LSOA,Birmingham 092D,2012,0.0,260.0,160.0,110.0,400.0,10
882,E01009384,LSOA,Birmingham 092E,2012,0.0,460.0,20.0,110.0,60.0,70
883,E01009385,LSOA,Birmingham 092F,2012,0.0,400.0,120.0,90.0,100.0,30
884,E01009108,LSOA,Birmingham 127A,2012,20.0,60.0,270.0,110.0,460.0,0
885,E01009111,LSOA,Birmingham 127B,2012,0.0,110.0,60.0,30.0,780.0,0
886,E01009168,LSOA,Birmingham 131B,2012,10.0,0.0,20.0,330.0,470.0,0
887,E01009170,LSOA,Birmingham 131C,2012,10.0,0.0,20.0,240.0,620.0,0
888,E01009216,LSOA,Birmingham 131D,2012,50.0,170.0,140.0,210.0,610.0,0
889,E01009217,LSOA,Birmingham 131E,2012,0.0,20.0,0.0,360.0,480.0,0
890,E01009206,LSOA,Birmingham 120B,2012,10.0,60.0,320.0,130.0,600.0,0
891,E01009211,LSOA,Birmingham 120C,2012,10.0,130.0,360.0,60.0,400.0,0
892,E01009218,LSOA,Birmingham 120D,2012,20.0,140.0,220.0,10.0,710.0,0
893,E01009219,LSOA,Birmingham 120E,2012,0.0,20.0,30.0,150.0,820.0,10
894,E02001947,MSOA,Birmingham 121,2012,190.0,1060.0,20.0,1270.0,700.0,50
895,E01008976,LSOA,Birmingham 121A,2012,10.0,180.0,0.0,260.0,470.0,0
896,E01008978,LSOA,Birmingham 121B,2012,70.0,530.0,0.0,140.0,30.0,50
897,E01008979,LSOA,Birmingham 121C,2012,70.0,180.0,0.0,450.0,140.0,0
898,E01008980,LSOA,Birmingham 121D,2012,50.0,180.0,0.0,430.0,90.0,0
899,E02001948,MSOA,Birmingham 122,2012,50.0,380.0,330.0,1240.0,2350.0,20
900,E01008945,LSOA,Birmingham 122A,2012,10.0,140.0,100.0,380.0,350.0,0
901,E01008946,LSOA,Birmingham 122B,2012,10.0,130.0,20.0,310.0,350.0,0
902,E01008947,LSOA,Birmingham 122C,2012,0.0,60.0,0.0,310.0,340.0,0
903,E01008948,LSOA,Birmingham 122D,2012,0.0,60.0,140.0,170.0,660.0,10
904,E01008949,LSOA,Birmingham 122E,2012,10.0,0.0,80.0,90.0,650.0,0
905,E02001949,MSOA,Birmingham 123,2012,30.0,830.0,220.0,760.0,1480.0,40
906,E01008977,LSOA,Birmingham 123A,2012,0.0,130.0,20.0,220.0,630.0,10
907,E01009109,LSOA,Birmingham 123B,2012,10.0,300.0,0.0,150.0,130.0,0
908,E01009119,LSOA,Birmingham 123C,2012,20.0,160.0,140.0,190.0,380.0,30
909,E01009120,LSOA,Birmingham 123D,2012,0.0,220.0,60.0,190.0,370.0,0
910,E02001950,MSOA,Birmingham 124,2012,330.0,650.0,330.0,480.0,3930.0,40
911,E01009162,LSOA,Birmingham 124A,2012,30.0,100.0,40.0,70.0,880.0,10
912,E01009207,LSOA,Birmingham 124B,2012,0.0,100.0,80.0,30.0,1020.0,0
913,E01009208,LSOA,Birmingham 124C,2012,0.0,80.0,120.0,30.0,960.0,0
914,E01009209,LSOA,Birmingham 124D,2012,90.0,240.0,50.0,210.0,690.0,10
915,E01009213,LSOA,Birmingham 124E,2012,210.0,130.0,60.0,140.0,360.0,20
916,E02001951,MSOA,Birmingham 125,2012,270.0,720.0,220.0,1950.0,820.0,180
917,E01009154,LSOA,Birmingham 125A,2012,70.0,90.0,0.0,400.0,120.0,0
918,E01009155,LSOA,Birmingham 125B,2012,70.0,80.0,0.0,410.0,80.0,0
919,E01009156,LSOA,Birmingham 125C,2012,10.0,40.0,100.0,220.0,180.0,0
920,E01009157,LSOA,Birmingham 125D,2012,70.0,90.0,0.0,430.0,100.0,10
921,E01009160,LSOA,Birmingham 125E,2012,10.0,380.0,0.0,180.0,180.0,80
922,E01009161,LSOA,Birmingham 125F,2012,40.0,40.0,100.0,310.0,190.0,90
923,E02001952,MSOA,Birmingham 126,2012,210.0,1590.0,260.0,1180.0,1650.0,0
924,E01009117,LSOA,Birmingham 126A,2012,60.0,240.0,50.0,280.0,330.0,0
925,E01009210,LSOA,Birmingham 126B,2012,20.0,260.0,180.0,240.0,360.0,0
926,E01009212,LSOA,Birmingham 126C,2012,40.0,210.0,20.0,230.0,450.0,0
927,E01009214,LSOA,Birmingham 126D,2012,40.0,270.0,0.0,230.0,350.0,0
928,E01009215,LSOA,Birmingham 126E,2012,40.0,620.0,20.0,190.0,190.0,0
929,E02001953,MSOA,Birmingham 127,2012,60.0,450.0,1070.0,910.0,2070.0,20
930,E01009112,LSOA,Birmingham 127C,2012,0.0,90.0,80.0,290.0,440.0,0
931,E01009116,LSOA,Birmingham 127D,2012,10.0,100.0,600.0,60.0,200.0,10
932,E01009118,LSOA,Birmingham 127E,2012,10.0,100.0,60.0,420.0,200.0,10
933,E02001954,MSOA,Birmingham 128,2012,230.0,850.0,180.0,1650.0,1040.0,50
934,E01009107,LSOA,Birmingham 128A,2012,20.0,440.0,20.0,250.0,240.0,10
935,E01009110,LSOA,Birmingham 128B,2012,40.0,120.0,40.0,250.0,310.0,20
936,E01009113,LSOA,Birmingham 128C,2012,60.0,150.0,0.0,390.0,110.0,10
937,E01009114,LSOA,Birmingham 128D,2012,50.0,80.0,40.0,410.0,250.0,0
938,E01009115,LSOA,Birmingham 128E,2012,50.0,70.0,100.0,350.0,170.0,10
939,E02001955,MSOA,Birmingham 129,2012,100.0,510.0,200.0,1190.0,1690.0,40
940,E01009158,LSOA,Birmingham 129A,2012,30.0,70.0,60.0,480.0,370.0,10
941,E01009163,LSOA,Birmingham 129B,2012,40.0,150.0,100.0,260.0,380.0,0
942,E01009165,LSOA,Birmingham 129C,2012,20.0,270.0,40.0,200.0,190.0,30
943,E01009169,LSOA,Birmingham 129D,2012,20.0,20.0,20.0,230.0,770.0,10
944,E02001956,MSOA,Birmingham 130,2012,80.0,560.0,680.0,590.0,2030.0,20
945,E01009159,LSOA,Birmingham 130A,2012,0.0,240.0,510.0,140.0,320.0,0
946,E01009164,LSOA,Birmingham 130B,2012,40.0,90.0,60.0,210.0,550.0,0
947,E01009167,LSOA,Birmingham 130C,2012,0.0,100.0,0.0,140.0,620.0,0
948,E01009171,LSOA,Birmingham 130D,2012,30.0,140.0,100.0,110.0,540.0,10
949,E02001957,MSOA,Birmingham 131,2012,90.0,320.0,210.0,1240.0,2830.0,10
950,E01009166,LSOA,Birmingham 131A,2012,20.0,120.0,0.0,90.0,620.0,0
951,E01009179,LSOA,Birmingham 104D,2012,20.0,60.0,260.0,250.0,350.0,0
952,E01009189,LSOA,Birmingham 104E,2012,10.0,90.0,110.0,250.0,430.0,10
953,E02001931,MSOA,Birmingham 105,2012,220.0,540.0,1370.0,410.0,2510.0,60
954,E01008933,LSOA,Birmingham 105A,2012,10.0,10.0,240.0,160.0,530.0,0
955,E01008934,LSOA,Birmingham 105B,2012,0.0,90.0,280.0,0.0,660.0,0
956,E01009031,LSOA,Birmingham 105C,2012,60.0,120.0,160.0,30.0,640.0,10
957,E01009037,LSOA,Birmingham 105D,2012,90.0,130.0,280.0,60.0,520.0,40
958,E01009176,LSOA,Birmingham 105E,2012,50.0,180.0,370.0,150.0,200.0,10
959,E02001932,MSOA,Birmingham 106,2012,200.0,620.0,210.0,1070.0,1630.0,10
960,E01008922,LSOA,Birmingham 106A,2012,20.0,140.0,20.0,200.0,130.0,0
961,E01009035,LSOA,Birmingham 108C,2012,0.0,30.0,60.0,170.0,780.0,10
962,E01009036,LSOA,Birmingham 108D,2012,20.0,30.0,260.0,40.0,590.0,30
963,E02001935,MSOA,Birmingham 109,2012,150.0,350.0,570.0,970.0,2970.0,10
964,E01009494,LSOA,Birmingham 109A,2012,30.0,140.0,0.0,360.0,220.0,10
965,E01009496,LSOA,Birmingham 109B,2012,20.0,0.0,40.0,80.0,1010.0,0
966,E01009497,LSOA,Birmingham 109C,2012,30.0,140.0,220.0,150.0,590.0,0
967,E01009504,LSOA,Birmingham 109D,2012,50.0,50.0,180.0,90.0,700.0,0
968,E01009506,LSOA,Birmingham 109E,2012,20.0,20.0,120.0,300.0,480.0,0
969,E02001936,MSOA,Birmingham 110,2012,60.0,530.0,910.0,160.0,2590.0,20
970,E01008967,LSOA,Birmingham 110A,2012,10.0,60.0,220.0,50.0,780.0,0
971,E01008968,LSOA,Birmingham 110B,2012,0.0,170.0,260.0,60.0,670.0,10
972,E01008970,LSOA,Birmingham 110C,2012,10.0,190.0,120.0,20.0,580.0,10
973,E01008981,LSOA,Birmingham 110D,2012,10.0,100.0,300.0,30.0,580.0,0
974,E02001937,MSOA,Birmingham 111,2012,50.0,770.0,310.0,1550.0,1410.0,70
975,E01008932,LSOA,Birmingham 111A,2012,10.0,120.0,20.0,380.0,300.0,10
976,E01008935,LSOA,Birmingham 111B,2012,30.0,260.0,0.0,280.0,160.0,50
977,E01008936,LSOA,Birmingham 111C,2012,20.0,200.0,290.0,60.0,440.0,0
978,E01008938,LSOA,Birmingham 111D,2012,0.0,20.0,0.0,520.0,100.0,0
979,E01008939,LSOA,Birmingham 111E,2012,0.0,160.0,0.0,300.0,410.0,10
980,E02001938,MSOA,Birmingham 112,2012,100.0,460.0,170.0,2190.0,870.0,120
981,E01008951,LSOA,Birmingham 112A,2012,50.0,40.0,20.0,350.0,260.0,0
982,E01008952,LSOA,Birmingham 112B,2012,0.0,170.0,0.0,550.0,60.0,50
983,E01008955,LSOA,Birmingham 112C,2012,30.0,60.0,40.0,430.0,220.0,10
984,E01008956,LSOA,Birmingham 112D,2012,30.0,20.0,40.0,350.0,220.0,60
985,E01008957,LSOA,Birmingham 112E,2012,0.0,160.0,60.0,510.0,130.0,0
986,E02001939,MSOA,Birmingham 113,2012,230.0,1220.0,540.0,430.0,1240.0,50
987,E01008950,LSOA,Birmingham 113A,2012,140.0,140.0,260.0,80.0,430.0,0
988,E01008954,LSOA,Birmingham 113B,2012,60.0,30.0,160.0,140.0,470.0,20
989,E01008958,LSOA,Birmingham 113C,2012,20.0,370.0,40.0,190.0,260.0,20
990,E01009493,LSOA,Birmingham 113D,2012,0.0,690.0,100.0,20.0,60.0,10
991,E02001940,MSOA,Birmingham 114,2012,70.0,230.0,800.0,290.0,4070.0,20
992,E01009038,LSOA,Birmingham 114A,2012,0.0,160.0,200.0,60.0,520.0,10
993,E01009039,LSOA,Birmingham 114B,2012,20.0,20.0,220.0,30.0,940.0,0
994,E01009040,LSOA,Birmingham 114C,2012,20.0,10.0,320.0,0.0,870.0,20
995,E01009041,LSOA,Birmingham 114D,2012,20.0,30.0,40.0,30.0,1080.0,0
996,E01009042,LSOA,Birmingham 114E,2012,10.0,10.0,40.0,170.0,680.0,0
997,E02001941,MSOA,Birmingham 115,2012,30.0,460.0,100.0,1130.0,1570.0,100
998,E01008937,LSOA,Birmingham 115A,2012,10.0,140.0,20.0,200.0,420.0,20
999,E01008940,LSOA,Birmingham 115B,2012,0.0,70.0,20.0,300.0,290.0,50
